epoch,train_loss,val_loss,best_epoch_so_far,epochs_without_improvement,train_accuracy,train_macro_f1,train_weighted_f1,train_mae,train_qwk,train_total_errors,train_adjacent_errors,train_distant_errors,train_total_error_rate,train_adjacent_error_rate,train_distant_error_rate,val_accuracy,val_macro_f1,val_weighted_f1,val_mae,val_qwk,val_total_errors,val_adjacent_errors,val_distant_errors,val_total_error_rate,val_adjacent_error_rate,val_distant_error_rate
1,1.4263423485681415,1.2130049777357546,0,0,0.3974609375,0.2375997625157454,0.32269133080998114,1.13671875,0.20598699980947233,617,300,317,0.6025390625,0.29296875,0.3095703125,0.4657534246575342,0.2860050002907146,0.3748254716943562,0.9452054794520548,0.42897371714643295,78,39,39,0.5342465753424658,0.2671232876712329,0.2671232876712329
2,0.9767830213531852,0.7706052963047811,1,0,0.6474609375,0.5479487638953404,0.6039260833265396,0.5048828125,0.7724890447902586,361,252,109,0.3525390625,0.24609375,0.1064453125,0.6986301369863014,0.5926090766971435,0.6583802630443291,0.4315068493150685,0.8085056990969659,44,31,13,0.3013698630136986,0.21232876712328766,0.08904109589041095
3,0.7424786575138569,0.773089053696149,2,0,0.7353515625,0.6905299770712023,0.7223133847447147,0.353515625,0.8544272155159582,271,205,66,0.2646484375,0.2001953125,0.064453125,0.684931506849315,0.667515898358838,0.6717474642097296,0.3835616438356164,0.8523164070402589,46,38,8,0.3150684931506849,0.2602739726027397,0.0547945205479452
4,0.582812117645517,0.8511578613152243,3,0,0.7783203125,0.7625990767911507,0.7736934595779337,0.2880859375,0.8849541839515082,227,173,54,0.2216796875,0.1689453125,0.052734375,0.678082191780822,0.6365963743747167,0.6383147643171048,0.4315068493150685,0.8439620644572188,47,35,12,0.3219178082191781,0.23972602739726026,0.0821917808219178
5,0.5234925567638129,1.1907826883029449,3,1,0.7958984375,0.7880140226952027,0.7923965216425062,0.263671875,0.8979452199195415,209,160,49,0.2041015625,0.15625,0.0478515625,0.6232876712328768,0.5802186881921227,0.5891310653981237,0.5,0.7858829140336234,55,44,11,0.3767123287671233,0.3013698630136986,0.07534246575342465
6,0.5439834252465516,0.6538654876081911,3,2,0.80078125,0.7841158482041882,0.7966034102060146,0.2646484375,0.8938133093803011,204,152,52,0.19921875,0.1484375,0.05078125,0.7465753424657534,0.7115295849003714,0.732165589299651,0.3424657534246575,0.8458909273686855,37,28,9,0.2534246575342466,0.1917808219178082,0.06164383561643835
7,0.4283990217372775,0.6644036515475544,3,3,0.841796875,0.826826846001136,0.8386161573841576,0.1962890625,0.9287548762907545,162,128,34,0.158203125,0.125,0.033203125,0.7808219178082192,0.7612813852813853,0.772033446006049,0.2671232876712329,0.9054081702243743,32,27,5,0.2191780821917808,0.18493150684931506,0.03424657534246575
8,0.37702356558293104,0.5825863168255924,7,0,0.8681640625,0.8626413310398451,0.867373713563667,0.1826171875,0.921132712868954,135,96,39,0.1318359375,0.09375,0.0380859375,0.7945205479452054,0.7658316998399078,0.7821231339418099,0.273972602739726,0.8897180003662333,30,23,7,0.2054794520547945,0.15753424657534246,0.04794520547945205
9,0.3358701542019844,0.5730154382141486,7,1,0.8779296875,0.8715515424864926,0.8771453081505727,0.158203125,0.9397252064065318,125,91,34,0.1220703125,0.0888671875,0.033203125,0.7945205479452054,0.7764419548624221,0.7903547772047018,0.2465753424657534,0.9092690855203404,30,26,4,0.2054794520547945,0.1780821917808219,0.0273972602739726
10,0.29621790279634297,0.7185334536591417,9,0,0.88671875,0.8853828862947143,0.8859708847457891,0.1494140625,0.9394703068032658,116,87,29,0.11328125,0.0849609375,0.0283203125,0.7534246575342466,0.7346229135108633,0.7454583747716569,0.3424657534246575,0.8546153489880043,36,26,10,0.2465753424657534,0.1780821917808219,0.0684931506849315
11,0.2869487320422195,0.5155465839660331,9,1,0.8955078125,0.8894741399604177,0.8948267885368353,0.1416015625,0.9411618098717278,107,77,30,0.1044921875,0.0751953125,0.029296875,0.821917808219178,0.8104479019330505,0.8129048717004772,0.22602739726027396,0.9144668826245779,26,21,5,0.1780821917808219,0.14383561643835616,0.03424657534246575
12,0.26585847651585937,0.5689705376392102,11,0,0.8974609375,0.8973386395885996,0.8970245483851882,0.130859375,0.9501656602466021,105,80,25,0.1025390625,0.078125,0.0244140625,0.8287671232876712,0.8185779884603415,0.8224717485636099,0.2328767123287671,0.8932800545782369,25,20,5,0.17123287671232876,0.136986301369863,0.03424657534246575
13,0.28506711532827467,0.702623380054656,11,1,0.8935546875,0.8894392395637691,0.8927532852809114,0.154296875,0.9308402605151608,109,71,38,0.1064453125,0.0693359375,0.037109375,0.773972602739726,0.777257318108382,0.7713607891107161,0.2808219178082192,0.8953392718640563,33,27,6,0.22602739726027396,0.18493150684931506,0.0410958904109589
14,0.23449490027269349,0.7769287427606648,11,2,0.9072265625,0.8977495016556329,0.9064600812933397,0.125,0.949956064459438,95,66,29,0.0927734375,0.064453125,0.0283203125,0.7465753424657534,0.7250121381886088,0.734094112530857,0.2945205479452055,0.8986421292918834,37,33,4,0.2534246575342466,0.22602739726027396,0.0273972602739726
15,0.20659176463959739,0.6823412471048993,11,3,0.9306640625,0.922668182947884,0.9303788115591032,0.0947265625,0.9594208366924014,71,52,19,0.0693359375,0.05078125,0.0185546875,0.8013698630136986,0.8031472127775267,0.7926232477805002,0.21232876712328766,0.9373419630222469,29,28,1,0.19863013698630136,0.1917808219178082,0.00684931506849315
16,0.19090346858138219,0.6795897612173576,15,0,0.927734375,0.9305063559085989,0.9275397557509126,0.103515625,0.954801295271947,74,48,26,0.072265625,0.046875,0.025390625,0.8287671232876712,0.8078396739759037,0.8239048025255101,0.22602739726027396,0.9078726968174204,25,20,5,0.17123287671232876,0.136986301369863,0.03424657534246575
17,0.20056584067060612,0.9233628396935162,15,1,0.9248046875,0.9234759723966635,0.9248313658033205,0.10546875,0.9545513959799368,77,51,26,0.0751953125,0.0498046875,0.025390625,0.7876712328767124,0.7692791584718994,0.7814433628304134,0.2808219178082192,0.8855986714382617,31,24,7,0.21232876712328766,0.1643835616438356,0.04794520547945205
18,0.17661053739720955,0.802166730878326,15,2,0.9423828125,0.9401252201737227,0.9421963952763429,0.072265625,0.9730597736272645,59,46,13,0.0576171875,0.044921875,0.0126953125,0.7671232876712328,0.7718194254445965,0.7706182186158949,0.2876712328767123,0.8880046025505801,34,29,5,0.2328767123287671,0.19863013698630136,0.03424657534246575
19,0.14547369666979648,0.6440148691276777,15,3,0.9453125,0.9484741095221189,0.9454919781771185,0.080078125,0.9639433798386529,56,35,21,0.0546875,0.0341796875,0.0205078125,0.8356164383561644,0.8278539253539254,0.8326423414608346,0.19863013698630136,0.9256812747117457,24,21,3,0.1643835616438356,0.14383561643835616,0.02054794520547945
20,0.14200651117425878,0.7016918189019883,15,4,0.95703125,0.9579668491779204,0.9569015372432119,0.0654296875,0.9691474091093921,44,26,18,0.04296875,0.025390625,0.017578125,0.8082191780821918,0.8133220138098187,0.8085111643247294,0.2191780821917808,0.922404213170991,28,26,2,0.1917808219178082,0.1780821917808219,0.0136986301369863
21,0.15345213888213038,0.8350973759350456,15,5,0.94921875,0.9443808309124944,0.9494603759725668,0.0654296875,0.9746965018814192,52,39,13,0.05078125,0.0380859375,0.0126953125,0.7328767123287672,0.7491268594044916,0.7361832365908229,0.3287671232876712,0.8724198195644987,39,34,5,0.2671232876712329,0.2328767123287671,0.03424657534246575
22,0.14386066640145145,0.7029641680808161,15,6,0.9521484375,0.9478008214757349,0.9520389766220992,0.0625,0.9754948309409016,49,36,13,0.0478515625,0.03515625,0.0126953125,0.8082191780821918,0.8002740015319747,0.8032549581521455,0.2534246575342466,0.8980796960472408,28,22,6,0.1917808219178082,0.1506849315068493,0.0410958904109589
