image_path,label,class_name,width,height,mode,file_name,is_double_knee_candidate
C:\Users\Lv043\OneDrive\Desktop\760proj\760-Group1\data\raw\Digital Knee X-ray Images\MedicalExpert-I\0Normal\NormalG0 (453).png,0,0Normal,640,161,RGB,NormalG0 (453).png,True
C:\Users\Lv043\OneDrive\Desktop\760proj\760-Group1\data\raw\Digital Knee X-ray Images\MedicalExpert-I\0Normal\NormalG0 (454).png,0,0Normal,640,161,RGB,NormalG0 (454).png,True
C:\Users\Lv043\OneDrive\Desktop\760proj\760-Group1\data\raw\Digital Knee X-ray Images\MedicalExpert-I\0Normal\NormalG0 (455).png,0,0Normal,640,161,RGB,NormalG0 (455).png,True
C:\Users\Lv043\OneDrive\Desktop\760proj\760-Group1\data\raw\Digital Knee X-ray Images\MedicalExpert-I\0Normal\NormalG0 (456).png,0,0Normal,640,161,RGB,NormalG0 (456).png,True
C:\Users\Lv043\OneDrive\Desktop\760proj\760-Group1\data\raw\Digital Knee X-ray Images\MedicalExpert-I\0Normal\NormalG0 (457).png,0,0Normal,640,161,RGB,NormalG0 (457).png,True
C:\Users\Lv043\OneDrive\Desktop\760proj\760-Group1\data\raw\Digital Knee X-ray Images\MedicalExpert-I\0Normal\NormalG0 (458).png,0,0Normal,640,161,RGB,NormalG0 (458).png,True
C:\Users\Lv043\OneDrive\Desktop\760proj\760-Group1\data\raw\Digital Knee X-ray Images\MedicalExpert-I\0Normal\NormalG0 (459).png,0,0Normal,640,161,RGB,NormalG0 (459).png,True
C:\Users\Lv043\OneDrive\Desktop\760proj\760-Group1\data\raw\Digital Knee X-ray Images\MedicalExpert-I\0Normal\NormalG0 (460).png,0,0Normal,640,161,RGB,NormalG0 (460).png,True
C:\Users\Lv043\OneDrive\Desktop\760proj\760-Group1\data\raw\Digital Knee X-ray Images\MedicalExpert-I\0Normal\NormalG0 (461).png,0,0Normal,640,161,RGB,NormalG0 (461).png,True
C:\Users\Lv043\OneDrive\Desktop\760proj\760-Group1\data\raw\Digital Knee X-ray Images\MedicalExpert-I\0Normal\NormalG0 (462).png,0,0Normal,640,161,RGB,NormalG0 (462).png,True
C:\Users\Lv043\OneDrive\Desktop\760proj\760-Group1\data\raw\Digital Knee X-ray Images\MedicalExpert-I\0Normal\NormalG0 (463).png,0,0Normal,640,161,RGB,NormalG0 (463).png,True
C:\Users\Lv043\OneDrive\Desktop\760proj\760-Group1\data\raw\Digital Knee X-ray Images\MedicalExpert-I\0Normal\NormalG0 (464).png,0,0Normal,640,161,RGB,NormalG0 (464).png,True
C:\Users\Lv043\OneDrive\Desktop\760proj\760-Group1\data\raw\Digital Knee X-ray Images\MedicalExpert-I\0Normal\NormalG0 (465).png,0,0Normal,640,161,RGB,NormalG0 (465).png,True
C:\Users\Lv043\OneDrive\Desktop\760proj\760-Group1\data\raw\Digital Knee X-ray Images\MedicalExpert-I\0Normal\NormalG0 (466).png,0,0Normal,640,161,RGB,NormalG0 (466).png,True
C:\Users\Lv043\OneDrive\Desktop\760proj\760-Group1\data\raw\Digital Knee X-ray Images\MedicalExpert-I\0Normal\NormalG0 (467).png,0,0Normal,640,161,RGB,NormalG0 (467).png,True
C:\Users\Lv043\OneDrive\Desktop\760proj\760-Group1\data\raw\Digital Knee X-ray Images\MedicalExpert-I\0Normal\NormalG0 (468).png,0,0Normal,640,161,RGB,NormalG0 (468).png,True
C:\Users\Lv043\OneDrive\Desktop\760proj\760-Group1\data\raw\Digital Knee X-ray Images\MedicalExpert-I\0Normal\NormalG0 (469).png,0,0Normal,640,161,RGB,NormalG0 (469).png,True
C:\Users\Lv043\OneDrive\Desktop\760proj\760-Group1\data\raw\Digital Knee X-ray Images\MedicalExpert-I\0Normal\NormalG0 (470).png,0,0Normal,640,161,RGB,NormalG0 (470).png,True
C:\Users\Lv043\OneDrive\Desktop\760proj\760-Group1\data\raw\Digital Knee X-ray Images\MedicalExpert-I\0Normal\NormalG0 (471).png,0,0Normal,640,161,RGB,NormalG0 (471).png,True
C:\Users\Lv043\OneDrive\Desktop\760proj\760-Group1\data\raw\Digital Knee X-ray Images\MedicalExpert-I\0Normal\NormalG0 (472).png,0,0Normal,640,161,RGB,NormalG0 (472).png,True
C:\Users\Lv043\OneDrive\Desktop\760proj\760-Group1\data\raw\Digital Knee X-ray Images\MedicalExpert-I\0Normal\NormalG0 (473).png,0,0Normal,640,161,RGB,NormalG0 (473).png,True
C:\Users\Lv043\OneDrive\Desktop\760proj\760-Group1\data\raw\Digital Knee X-ray Images\MedicalExpert-I\0Normal\NormalG0 (474).png,0,0Normal,640,161,RGB,NormalG0 (474).png,True
C:\Users\Lv043\OneDrive\Desktop\760proj\760-Group1\data\raw\Digital Knee X-ray Images\MedicalExpert-I\0Normal\NormalG0 (475).png,0,0Normal,640,161,RGB,NormalG0 (475).png,True
C:\Users\Lv043\OneDrive\Desktop\760proj\760-Group1\data\raw\Digital Knee X-ray Images\MedicalExpert-I\0Normal\NormalG0 (476).png,0,0Normal,640,161,RGB,NormalG0 (476).png,True
C:\Users\Lv043\OneDrive\Desktop\760proj\760-Group1\data\raw\Digital Knee X-ray Images\MedicalExpert-I\0Normal\NormalG0 (477).png,0,0Normal,640,161,RGB,NormalG0 (477).png,True
C:\Users\Lv043\OneDrive\Desktop\760proj\760-Group1\data\raw\Digital Knee X-ray Images\MedicalExpert-I\0Normal\NormalG0 (478).png,0,0Normal,640,161,RGB,NormalG0 (478).png,True
C:\Users\Lv043\OneDrive\Desktop\760proj\760-Group1\data\raw\Digital Knee X-ray Images\MedicalExpert-I\0Normal\NormalG0 (479).png,0,0Normal,640,161,RGB,NormalG0 (479).png,True
C:\Users\Lv043\OneDrive\Desktop\760proj\760-Group1\data\raw\Digital Knee X-ray Images\MedicalExpert-I\0Normal\NormalG0 (480).png,0,0Normal,640,161,RGB,NormalG0 (480).png,True
C:\Users\Lv043\OneDrive\Desktop\760proj\760-Group1\data\raw\Digital Knee X-ray Images\MedicalExpert-I\0Normal\NormalG0 (481).png,0,0Normal,640,161,RGB,NormalG0 (481).png,True
C:\Users\Lv043\OneDrive\Desktop\760proj\760-Group1\data\raw\Digital Knee X-ray Images\MedicalExpert-I\0Normal\NormalG0 (482).png,0,0Normal,640,161,RGB,NormalG0 (482).png,True
C:\Users\Lv043\OneDrive\Desktop\760proj\760-Group1\data\raw\Digital Knee X-ray Images\MedicalExpert-I\0Normal\NormalG0 (483).png,0,0Normal,640,161,RGB,NormalG0 (483).png,True
C:\Users\Lv043\OneDrive\Desktop\760proj\760-Group1\data\raw\Digital Knee X-ray Images\MedicalExpert-I\0Normal\NormalG0 (484).png,0,0Normal,640,161,RGB,NormalG0 (484).png,True
C:\Users\Lv043\OneDrive\Desktop\760proj\760-Group1\data\raw\Digital Knee X-ray Images\MedicalExpert-I\0Normal\NormalG0 (485).png,0,0Normal,640,161,RGB,NormalG0 (485).png,True
C:\Users\Lv043\OneDrive\Desktop\760proj\760-Group1\data\raw\Digital Knee X-ray Images\MedicalExpert-I\0Normal\NormalG0 (486).png,0,0Normal,640,161,RGB,NormalG0 (486).png,True
C:\Users\Lv043\OneDrive\Desktop\760proj\760-Group1\data\raw\Digital Knee X-ray Images\MedicalExpert-I\0Normal\NormalG0 (487).png,0,0Normal,640,161,I;16,NormalG0 (487).png,True
C:\Users\Lv043\OneDrive\Desktop\760proj\760-Group1\data\raw\Digital Knee X-ray Images\MedicalExpert-I\0Normal\NormalG0 (488).png,0,0Normal,640,161,RGB,NormalG0 (488).png,True
C:\Users\Lv043\OneDrive\Desktop\760proj\760-Group1\data\raw\Digital Knee X-ray Images\MedicalExpert-I\0Normal\NormalG0 (489).png,0,0Normal,640,161,I;16,NormalG0 (489).png,True
C:\Users\Lv043\OneDrive\Desktop\760proj\760-Group1\data\raw\Digital Knee X-ray Images\MedicalExpert-I\0Normal\NormalG0 (490).png,0,0Normal,640,161,I;16,NormalG0 (490).png,True
C:\Users\Lv043\OneDrive\Desktop\760proj\760-Group1\data\raw\Digital Knee X-ray Images\MedicalExpert-I\0Normal\NormalG0 (491).png,0,0Normal,640,161,I;16,NormalG0 (491).png,True
C:\Users\Lv043\OneDrive\Desktop\760proj\760-Group1\data\raw\Digital Knee X-ray Images\MedicalExpert-I\0Normal\NormalG0 (492).png,0,0Normal,640,161,RGB,NormalG0 (492).png,True
C:\Users\Lv043\OneDrive\Desktop\760proj\760-Group1\data\raw\Digital Knee X-ray Images\MedicalExpert-I\0Normal\NormalG0 (493).png,0,0Normal,640,161,RGB,NormalG0 (493).png,True
C:\Users\Lv043\OneDrive\Desktop\760proj\760-Group1\data\raw\Digital Knee X-ray Images\MedicalExpert-I\0Normal\NormalG0 (494).png,0,0Normal,640,161,RGB,NormalG0 (494).png,True
C:\Users\Lv043\OneDrive\Desktop\760proj\760-Group1\data\raw\Digital Knee X-ray Images\MedicalExpert-I\0Normal\NormalG0 (495).png,0,0Normal,640,161,RGB,NormalG0 (495).png,True
C:\Users\Lv043\OneDrive\Desktop\760proj\760-Group1\data\raw\Digital Knee X-ray Images\MedicalExpert-I\0Normal\NormalG0 (496).png,0,0Normal,640,161,RGB,NormalG0 (496).png,True
C:\Users\Lv043\OneDrive\Desktop\760proj\760-Group1\data\raw\Digital Knee X-ray Images\MedicalExpert-I\0Normal\NormalG0 (497).png,0,0Normal,640,161,RGB,NormalG0 (497).png,True
C:\Users\Lv043\OneDrive\Desktop\760proj\760-Group1\data\raw\Digital Knee X-ray Images\MedicalExpert-I\0Normal\NormalG0 (498).png,0,0Normal,640,161,RGB,NormalG0 (498).png,True
C:\Users\Lv043\OneDrive\Desktop\760proj\760-Group1\data\raw\Digital Knee X-ray Images\MedicalExpert-I\0Normal\NormalG0 (499).png,0,0Normal,640,161,RGB,NormalG0 (499).png,True
C:\Users\Lv043\OneDrive\Desktop\760proj\760-Group1\data\raw\Digital Knee X-ray Images\MedicalExpert-I\0Normal\NormalG0 (500).png,0,0Normal,640,161,RGB,NormalG0 (500).png,True
C:\Users\Lv043\OneDrive\Desktop\760proj\760-Group1\data\raw\Digital Knee X-ray Images\MedicalExpert-I\0Normal\NormalG0 (501).png,0,0Normal,640,161,RGB,NormalG0 (501).png,True
C:\Users\Lv043\OneDrive\Desktop\760proj\760-Group1\data\raw\Digital Knee X-ray Images\MedicalExpert-I\0Normal\NormalG0 (502).png,0,0Normal,640,161,RGB,NormalG0 (502).png,True
C:\Users\Lv043\OneDrive\Desktop\760proj\760-Group1\data\raw\Digital Knee X-ray Images\MedicalExpert-I\0Normal\NormalG0 (503).png,0,0Normal,640,161,RGB,NormalG0 (503).png,True
C:\Users\Lv043\OneDrive\Desktop\760proj\760-Group1\data\raw\Digital Knee X-ray Images\MedicalExpert-I\0Normal\NormalG0 (504).png,0,0Normal,640,161,RGB,NormalG0 (504).png,True
C:\Users\Lv043\OneDrive\Desktop\760proj\760-Group1\data\raw\Digital Knee X-ray Images\MedicalExpert-I\0Normal\NormalG0 (505).png,0,0Normal,640,161,RGB,NormalG0 (505).png,True
C:\Users\Lv043\OneDrive\Desktop\760proj\760-Group1\data\raw\Digital Knee X-ray Images\MedicalExpert-I\0Normal\NormalG0 (506).png,0,0Normal,640,161,RGB,NormalG0 (506).png,True
C:\Users\Lv043\OneDrive\Desktop\760proj\760-Group1\data\raw\Digital Knee X-ray Images\MedicalExpert-I\0Normal\NormalG0 (507).png,0,0Normal,640,161,RGB,NormalG0 (507).png,True
C:\Users\Lv043\OneDrive\Desktop\760proj\760-Group1\data\raw\Digital Knee X-ray Images\MedicalExpert-I\0Normal\NormalG0 (508).png,0,0Normal,640,161,RGB,NormalG0 (508).png,True
C:\Users\Lv043\OneDrive\Desktop\760proj\760-Group1\data\raw\Digital Knee X-ray Images\MedicalExpert-I\0Normal\NormalG0 (509).png,0,0Normal,640,161,I;16,NormalG0 (509).png,True
C:\Users\Lv043\OneDrive\Desktop\760proj\760-Group1\data\raw\Digital Knee X-ray Images\MedicalExpert-I\0Normal\NormalG0 (510).png,0,0Normal,640,161,RGB,NormalG0 (510).png,True
C:\Users\Lv043\OneDrive\Desktop\760proj\760-Group1\data\raw\Digital Knee X-ray Images\MedicalExpert-I\0Normal\NormalG0 (511).png,0,0Normal,640,161,RGB,NormalG0 (511).png,True
C:\Users\Lv043\OneDrive\Desktop\760proj\760-Group1\data\raw\Digital Knee X-ray Images\MedicalExpert-I\0Normal\NormalG0 (512).png,0,0Normal,640,161,RGB,NormalG0 (512).png,True
C:\Users\Lv043\OneDrive\Desktop\760proj\760-Group1\data\raw\Digital Knee X-ray Images\MedicalExpert-I\0Normal\NormalG0 (513).png,0,0Normal,640,161,RGB,NormalG0 (513).png,True
C:\Users\Lv043\OneDrive\Desktop\760proj\760-Group1\data\raw\Digital Knee X-ray Images\MedicalExpert-I\0Normal\NormalG0 (514).png,0,0Normal,640,161,RGB,NormalG0 (514).png,True
C:\Users\Lv043\OneDrive\Desktop\760proj\760-Group1\data\raw\Digital Knee X-ray Images\MedicalExpert-I\1Doubtful\DoubtfulG1 (441).png,1,1Doubtful,640,161,RGB,DoubtfulG1 (441).png,True
C:\Users\Lv043\OneDrive\Desktop\760proj\760-Group1\data\raw\Digital Knee X-ray Images\MedicalExpert-I\1Doubtful\DoubtfulG1 (442).png,1,1Doubtful,640,161,RGB,DoubtfulG1 (442).png,True
C:\Users\Lv043\OneDrive\Desktop\760proj\760-Group1\data\raw\Digital Knee X-ray Images\MedicalExpert-I\1Doubtful\DoubtfulG1 (443).png,1,1Doubtful,640,161,RGB,DoubtfulG1 (443).png,True
C:\Users\Lv043\OneDrive\Desktop\760proj\760-Group1\data\raw\Digital Knee X-ray Images\MedicalExpert-I\1Doubtful\DoubtfulG1 (444).png,1,1Doubtful,640,161,RGB,DoubtfulG1 (444).png,True
C:\Users\Lv043\OneDrive\Desktop\760proj\760-Group1\data\raw\Digital Knee X-ray Images\MedicalExpert-I\1Doubtful\DoubtfulG1 (445).png,1,1Doubtful,640,161,RGB,DoubtfulG1 (445).png,True
C:\Users\Lv043\OneDrive\Desktop\760proj\760-Group1\data\raw\Digital Knee X-ray Images\MedicalExpert-I\1Doubtful\DoubtfulG1 (446).png,1,1Doubtful,640,161,RGB,DoubtfulG1 (446).png,True
C:\Users\Lv043\OneDrive\Desktop\760proj\760-Group1\data\raw\Digital Knee X-ray Images\MedicalExpert-I\1Doubtful\DoubtfulG1 (447).png,1,1Doubtful,640,161,I;16,DoubtfulG1 (447).png,True
C:\Users\Lv043\OneDrive\Desktop\760proj\760-Group1\data\raw\Digital Knee X-ray Images\MedicalExpert-I\1Doubtful\DoubtfulG1 (448).png,1,1Doubtful,640,161,RGB,DoubtfulG1 (448).png,True
C:\Users\Lv043\OneDrive\Desktop\760proj\760-Group1\data\raw\Digital Knee X-ray Images\MedicalExpert-I\1Doubtful\DoubtfulG1 (449).png,1,1Doubtful,640,161,RGB,DoubtfulG1 (449).png,True
C:\Users\Lv043\OneDrive\Desktop\760proj\760-Group1\data\raw\Digital Knee X-ray Images\MedicalExpert-I\1Doubtful\DoubtfulG1 (450).png,1,1Doubtful,640,161,RGB,DoubtfulG1 (450).png,True
C:\Users\Lv043\OneDrive\Desktop\760proj\760-Group1\data\raw\Digital Knee X-ray Images\MedicalExpert-I\1Doubtful\DoubtfulG1 (451).png,1,1Doubtful,640,161,RGB,DoubtfulG1 (451).png,True
C:\Users\Lv043\OneDrive\Desktop\760proj\760-Group1\data\raw\Digital Knee X-ray Images\MedicalExpert-I\1Doubtful\DoubtfulG1 (452).png,1,1Doubtful,640,161,RGB,DoubtfulG1 (452).png,True
C:\Users\Lv043\OneDrive\Desktop\760proj\760-Group1\data\raw\Digital Knee X-ray Images\MedicalExpert-I\1Doubtful\DoubtfulG1 (453).png,1,1Doubtful,640,161,I;16,DoubtfulG1 (453).png,True
C:\Users\Lv043\OneDrive\Desktop\760proj\760-Group1\data\raw\Digital Knee X-ray Images\MedicalExpert-I\1Doubtful\DoubtfulG1 (454).png,1,1Doubtful,640,161,RGB,DoubtfulG1 (454).png,True
C:\Users\Lv043\OneDrive\Desktop\760proj\760-Group1\data\raw\Digital Knee X-ray Images\MedicalExpert-I\1Doubtful\DoubtfulG1 (455).png,1,1Doubtful,640,161,RGB,DoubtfulG1 (455).png,True
C:\Users\Lv043\OneDrive\Desktop\760proj\760-Group1\data\raw\Digital Knee X-ray Images\MedicalExpert-I\1Doubtful\DoubtfulG1 (456).png,1,1Doubtful,640,161,RGB,DoubtfulG1 (456).png,True
C:\Users\Lv043\OneDrive\Desktop\760proj\760-Group1\data\raw\Digital Knee X-ray Images\MedicalExpert-I\1Doubtful\DoubtfulG1 (457).png,1,1Doubtful,640,161,RGB,DoubtfulG1 (457).png,True
C:\Users\Lv043\OneDrive\Desktop\760proj\760-Group1\data\raw\Digital Knee X-ray Images\MedicalExpert-I\1Doubtful\DoubtfulG1 (458).png,1,1Doubtful,640,161,RGB,DoubtfulG1 (458).png,True
C:\Users\Lv043\OneDrive\Desktop\760proj\760-Group1\data\raw\Digital Knee X-ray Images\MedicalExpert-I\1Doubtful\DoubtfulG1 (459).png,1,1Doubtful,640,161,RGB,DoubtfulG1 (459).png,True
C:\Users\Lv043\OneDrive\Desktop\760proj\760-Group1\data\raw\Digital Knee X-ray Images\MedicalExpert-I\1Doubtful\DoubtfulG1 (460).png,1,1Doubtful,640,161,RGB,DoubtfulG1 (460).png,True
C:\Users\Lv043\OneDrive\Desktop\760proj\760-Group1\data\raw\Digital Knee X-ray Images\MedicalExpert-I\1Doubtful\DoubtfulG1 (461).png,1,1Doubtful,640,161,RGB,DoubtfulG1 (461).png,True
C:\Users\Lv043\OneDrive\Desktop\760proj\760-Group1\data\raw\Digital Knee X-ray Images\MedicalExpert-I\1Doubtful\DoubtfulG1 (462).png,1,1Doubtful,640,161,RGB,DoubtfulG1 (462).png,True
C:\Users\Lv043\OneDrive\Desktop\760proj\760-Group1\data\raw\Digital Knee X-ray Images\MedicalExpert-I\1Doubtful\DoubtfulG1 (463).png,1,1Doubtful,640,161,RGB,DoubtfulG1 (463).png,True
C:\Users\Lv043\OneDrive\Desktop\760proj\760-Group1\data\raw\Digital Knee X-ray Images\MedicalExpert-I\1Doubtful\DoubtfulG1 (464).png,1,1Doubtful,640,161,RGB,DoubtfulG1 (464).png,True
C:\Users\Lv043\OneDrive\Desktop\760proj\760-Group1\data\raw\Digital Knee X-ray Images\MedicalExpert-I\1Doubtful\DoubtfulG1 (465).png,1,1Doubtful,640,161,RGB,DoubtfulG1 (465).png,True
C:\Users\Lv043\OneDrive\Desktop\760proj\760-Group1\data\raw\Digital Knee X-ray Images\MedicalExpert-I\1Doubtful\DoubtfulG1 (466).png,1,1Doubtful,640,161,RGB,DoubtfulG1 (466).png,True
C:\Users\Lv043\OneDrive\Desktop\760proj\760-Group1\data\raw\Digital Knee X-ray Images\MedicalExpert-I\1Doubtful\DoubtfulG1 (467).png,1,1Doubtful,640,161,RGB,DoubtfulG1 (467).png,True
C:\Users\Lv043\OneDrive\Desktop\760proj\760-Group1\data\raw\Digital Knee X-ray Images\MedicalExpert-I\1Doubtful\DoubtfulG1 (468).png,1,1Doubtful,640,161,RGB,DoubtfulG1 (468).png,True
C:\Users\Lv043\OneDrive\Desktop\760proj\760-Group1\data\raw\Digital Knee X-ray Images\MedicalExpert-I\1Doubtful\DoubtfulG1 (469).png,1,1Doubtful,640,161,RGB,DoubtfulG1 (469).png,True
C:\Users\Lv043\OneDrive\Desktop\760proj\760-Group1\data\raw\Digital Knee X-ray Images\MedicalExpert-I\1Doubtful\DoubtfulG1 (470).png,1,1Doubtful,640,161,RGB,DoubtfulG1 (470).png,True
C:\Users\Lv043\OneDrive\Desktop\760proj\760-Group1\data\raw\Digital Knee X-ray Images\MedicalExpert-I\1Doubtful\DoubtfulG1 (471).png,1,1Doubtful,640,161,RGB,DoubtfulG1 (471).png,True
C:\Users\Lv043\OneDrive\Desktop\760proj\760-Group1\data\raw\Digital Knee X-ray Images\MedicalExpert-I\1Doubtful\DoubtfulG1 (472).png,1,1Doubtful,640,161,RGB,DoubtfulG1 (472).png,True
C:\Users\Lv043\OneDrive\Desktop\760proj\760-Group1\data\raw\Digital Knee X-ray Images\MedicalExpert-I\1Doubtful\DoubtfulG1 (473).png,1,1Doubtful,640,161,RGB,DoubtfulG1 (473).png,True
C:\Users\Lv043\OneDrive\Desktop\760proj\760-Group1\data\raw\Digital Knee X-ray Images\MedicalExpert-I\1Doubtful\DoubtfulG1 (474).png,1,1Doubtful,640,161,RGB,DoubtfulG1 (474).png,True
C:\Users\Lv043\OneDrive\Desktop\760proj\760-Group1\data\raw\Digital Knee X-ray Images\MedicalExpert-I\1Doubtful\DoubtfulG1 (475).png,1,1Doubtful,640,161,RGB,DoubtfulG1 (475).png,True
C:\Users\Lv043\OneDrive\Desktop\760proj\760-Group1\data\raw\Digital Knee X-ray Images\MedicalExpert-I\1Doubtful\DoubtfulG1 (476).png,1,1Doubtful,640,161,RGB,DoubtfulG1 (476).png,True
C:\Users\Lv043\OneDrive\Desktop\760proj\760-Group1\data\raw\Digital Knee X-ray Images\MedicalExpert-I\1Doubtful\DoubtfulG1 (477).png,1,1Doubtful,640,161,RGB,DoubtfulG1 (477).png,True
C:\Users\Lv043\OneDrive\Desktop\760proj\760-Group1\data\raw\Digital Knee X-ray Images\MedicalExpert-I\2Mild\MildG2 (192).png,2,2Mild,640,161,RGB,MildG2 (192).png,True
C:\Users\Lv043\OneDrive\Desktop\760proj\760-Group1\data\raw\Digital Knee X-ray Images\MedicalExpert-I\2Mild\MildG2 (193).png,2,2Mild,640,161,RGB,MildG2 (193).png,True
C:\Users\Lv043\OneDrive\Desktop\760proj\760-Group1\data\raw\Digital Knee X-ray Images\MedicalExpert-I\2Mild\MildG2 (194).png,2,2Mild,640,161,RGB,MildG2 (194).png,True
C:\Users\Lv043\OneDrive\Desktop\760proj\760-Group1\data\raw\Digital Knee X-ray Images\MedicalExpert-I\2Mild\MildG2 (195).png,2,2Mild,640,161,RGB,MildG2 (195).png,True
C:\Users\Lv043\OneDrive\Desktop\760proj\760-Group1\data\raw\Digital Knee X-ray Images\MedicalExpert-I\2Mild\MildG2 (196).png,2,2Mild,640,161,RGB,MildG2 (196).png,True
C:\Users\Lv043\OneDrive\Desktop\760proj\760-Group1\data\raw\Digital Knee X-ray Images\MedicalExpert-I\2Mild\MildG2 (197).png,2,2Mild,640,161,RGB,MildG2 (197).png,True
C:\Users\Lv043\OneDrive\Desktop\760proj\760-Group1\data\raw\Digital Knee X-ray Images\MedicalExpert-I\2Mild\MildG2 (198).png,2,2Mild,640,161,RGB,MildG2 (198).png,True
C:\Users\Lv043\OneDrive\Desktop\760proj\760-Group1\data\raw\Digital Knee X-ray Images\MedicalExpert-I\2Mild\MildG2 (199).png,2,2Mild,640,161,RGB,MildG2 (199).png,True
C:\Users\Lv043\OneDrive\Desktop\760proj\760-Group1\data\raw\Digital Knee X-ray Images\MedicalExpert-I\2Mild\MildG2 (200).png,2,2Mild,640,161,RGB,MildG2 (200).png,True
C:\Users\Lv043\OneDrive\Desktop\760proj\760-Group1\data\raw\Digital Knee X-ray Images\MedicalExpert-I\2Mild\MildG2 (201).png,2,2Mild,640,161,RGB,MildG2 (201).png,True
C:\Users\Lv043\OneDrive\Desktop\760proj\760-Group1\data\raw\Digital Knee X-ray Images\MedicalExpert-I\2Mild\MildG2 (202).png,2,2Mild,640,161,RGB,MildG2 (202).png,True
C:\Users\Lv043\OneDrive\Desktop\760proj\760-Group1\data\raw\Digital Knee X-ray Images\MedicalExpert-I\2Mild\MildG2 (203).png,2,2Mild,640,161,RGB,MildG2 (203).png,True
C:\Users\Lv043\OneDrive\Desktop\760proj\760-Group1\data\raw\Digital Knee X-ray Images\MedicalExpert-I\2Mild\MildG2 (204).png,2,2Mild,640,161,I;16,MildG2 (204).png,True
C:\Users\Lv043\OneDrive\Desktop\760proj\760-Group1\data\raw\Digital Knee X-ray Images\MedicalExpert-I\2Mild\MildG2 (205).png,2,2Mild,640,161,RGB,MildG2 (205).png,True
C:\Users\Lv043\OneDrive\Desktop\760proj\760-Group1\data\raw\Digital Knee X-ray Images\MedicalExpert-I\2Mild\MildG2 (206).png,2,2Mild,640,161,RGB,MildG2 (206).png,True
C:\Users\Lv043\OneDrive\Desktop\760proj\760-Group1\data\raw\Digital Knee X-ray Images\MedicalExpert-I\2Mild\MildG2 (207).png,2,2Mild,640,161,RGB,MildG2 (207).png,True
C:\Users\Lv043\OneDrive\Desktop\760proj\760-Group1\data\raw\Digital Knee X-ray Images\MedicalExpert-I\2Mild\MildG2 (208).png,2,2Mild,640,161,RGB,MildG2 (208).png,True
C:\Users\Lv043\OneDrive\Desktop\760proj\760-Group1\data\raw\Digital Knee X-ray Images\MedicalExpert-I\2Mild\MildG2 (209).png,2,2Mild,640,161,RGB,MildG2 (209).png,True
C:\Users\Lv043\OneDrive\Desktop\760proj\760-Group1\data\raw\Digital Knee X-ray Images\MedicalExpert-I\2Mild\MildG2 (210).png,2,2Mild,640,161,RGB,MildG2 (210).png,True
C:\Users\Lv043\OneDrive\Desktop\760proj\760-Group1\data\raw\Digital Knee X-ray Images\MedicalExpert-I\2Mild\MildG2 (211).png,2,2Mild,640,161,I;16,MildG2 (211).png,True
C:\Users\Lv043\OneDrive\Desktop\760proj\760-Group1\data\raw\Digital Knee X-ray Images\MedicalExpert-I\2Mild\MildG2 (212).png,2,2Mild,640,161,RGB,MildG2 (212).png,True
C:\Users\Lv043\OneDrive\Desktop\760proj\760-Group1\data\raw\Digital Knee X-ray Images\MedicalExpert-I\2Mild\MildG2 (213).png,2,2Mild,640,161,RGB,MildG2 (213).png,True
C:\Users\Lv043\OneDrive\Desktop\760proj\760-Group1\data\raw\Digital Knee X-ray Images\MedicalExpert-I\2Mild\MildG2 (214).png,2,2Mild,640,161,RGB,MildG2 (214).png,True
C:\Users\Lv043\OneDrive\Desktop\760proj\760-Group1\data\raw\Digital Knee X-ray Images\MedicalExpert-I\2Mild\MildG2 (215).png,2,2Mild,640,161,RGB,MildG2 (215).png,True
C:\Users\Lv043\OneDrive\Desktop\760proj\760-Group1\data\raw\Digital Knee X-ray Images\MedicalExpert-I\2Mild\MildG2 (216).png,2,2Mild,640,161,RGB,MildG2 (216).png,True
C:\Users\Lv043\OneDrive\Desktop\760proj\760-Group1\data\raw\Digital Knee X-ray Images\MedicalExpert-I\2Mild\MildG2 (217).png,2,2Mild,640,161,RGB,MildG2 (217).png,True
C:\Users\Lv043\OneDrive\Desktop\760proj\760-Group1\data\raw\Digital Knee X-ray Images\MedicalExpert-I\2Mild\MildG2 (218).png,2,2Mild,640,161,RGB,MildG2 (218).png,True
C:\Users\Lv043\OneDrive\Desktop\760proj\760-Group1\data\raw\Digital Knee X-ray Images\MedicalExpert-I\2Mild\MildG2 (219).png,2,2Mild,640,161,RGB,MildG2 (219).png,True
C:\Users\Lv043\OneDrive\Desktop\760proj\760-Group1\data\raw\Digital Knee X-ray Images\MedicalExpert-I\2Mild\MildG2 (220).png,2,2Mild,640,161,RGB,MildG2 (220).png,True
C:\Users\Lv043\OneDrive\Desktop\760proj\760-Group1\data\raw\Digital Knee X-ray Images\MedicalExpert-I\2Mild\MildG2 (221).png,2,2Mild,640,161,RGB,MildG2 (221).png,True
C:\Users\Lv043\OneDrive\Desktop\760proj\760-Group1\data\raw\Digital Knee X-ray Images\MedicalExpert-I\2Mild\MildG2 (222).png,2,2Mild,640,161,RGB,MildG2 (222).png,True
C:\Users\Lv043\OneDrive\Desktop\760proj\760-Group1\data\raw\Digital Knee X-ray Images\MedicalExpert-I\2Mild\MildG2 (223).png,2,2Mild,640,161,RGB,MildG2 (223).png,True
C:\Users\Lv043\OneDrive\Desktop\760proj\760-Group1\data\raw\Digital Knee X-ray Images\MedicalExpert-I\2Mild\MildG2 (224).png,2,2Mild,640,161,RGB,MildG2 (224).png,True
C:\Users\Lv043\OneDrive\Desktop\760proj\760-Group1\data\raw\Digital Knee X-ray Images\MedicalExpert-I\2Mild\MildG2 (225).png,2,2Mild,640,161,RGB,MildG2 (225).png,True
C:\Users\Lv043\OneDrive\Desktop\760proj\760-Group1\data\raw\Digital Knee X-ray Images\MedicalExpert-I\2Mild\MildG2 (226).png,2,2Mild,640,161,RGB,MildG2 (226).png,True
C:\Users\Lv043\OneDrive\Desktop\760proj\760-Group1\data\raw\Digital Knee X-ray Images\MedicalExpert-I\2Mild\MildG2 (227).png,2,2Mild,640,161,RGB,MildG2 (227).png,True
C:\Users\Lv043\OneDrive\Desktop\760proj\760-Group1\data\raw\Digital Knee X-ray Images\MedicalExpert-I\2Mild\MildG2 (228).png,2,2Mild,640,161,RGB,MildG2 (228).png,True
C:\Users\Lv043\OneDrive\Desktop\760proj\760-Group1\data\raw\Digital Knee X-ray Images\MedicalExpert-I\2Mild\MildG2 (229).png,2,2Mild,640,161,RGB,MildG2 (229).png,True
C:\Users\Lv043\OneDrive\Desktop\760proj\760-Group1\data\raw\Digital Knee X-ray Images\MedicalExpert-I\2Mild\MildG2 (230).png,2,2Mild,640,161,RGB,MildG2 (230).png,True
C:\Users\Lv043\OneDrive\Desktop\760proj\760-Group1\data\raw\Digital Knee X-ray Images\MedicalExpert-I\2Mild\MildG2 (231).png,2,2Mild,640,161,RGB,MildG2 (231).png,True
C:\Users\Lv043\OneDrive\Desktop\760proj\760-Group1\data\raw\Digital Knee X-ray Images\MedicalExpert-I\2Mild\MildG2 (232).png,2,2Mild,640,161,RGB,MildG2 (232).png,True
C:\Users\Lv043\OneDrive\Desktop\760proj\760-Group1\data\raw\Digital Knee X-ray Images\MedicalExpert-I\3Moderate\ModerateG3 (176).png,3,3Moderate,640,161,RGB,ModerateG3 (176).png,True
C:\Users\Lv043\OneDrive\Desktop\760proj\760-Group1\data\raw\Digital Knee X-ray Images\MedicalExpert-I\3Moderate\ModerateG3 (177).png,3,3Moderate,640,161,RGB,ModerateG3 (177).png,True
C:\Users\Lv043\OneDrive\Desktop\760proj\760-Group1\data\raw\Digital Knee X-ray Images\MedicalExpert-I\3Moderate\ModerateG3 (178).png,3,3Moderate,640,161,RGB,ModerateG3 (178).png,True
C:\Users\Lv043\OneDrive\Desktop\760proj\760-Group1\data\raw\Digital Knee X-ray Images\MedicalExpert-I\3Moderate\ModerateG3 (179).png,3,3Moderate,640,161,RGB,ModerateG3 (179).png,True
C:\Users\Lv043\OneDrive\Desktop\760proj\760-Group1\data\raw\Digital Knee X-ray Images\MedicalExpert-I\3Moderate\ModerateG3 (180).png,3,3Moderate,640,161,RGB,ModerateG3 (180).png,True
C:\Users\Lv043\OneDrive\Desktop\760proj\760-Group1\data\raw\Digital Knee X-ray Images\MedicalExpert-I\3Moderate\ModerateG3 (181).png,3,3Moderate,640,161,RGB,ModerateG3 (181).png,True
C:\Users\Lv043\OneDrive\Desktop\760proj\760-Group1\data\raw\Digital Knee X-ray Images\MedicalExpert-I\3Moderate\ModerateG3 (182).png,3,3Moderate,640,161,RGB,ModerateG3 (182).png,True
C:\Users\Lv043\OneDrive\Desktop\760proj\760-Group1\data\raw\Digital Knee X-ray Images\MedicalExpert-I\3Moderate\ModerateG3 (183).png,3,3Moderate,640,161,RGB,ModerateG3 (183).png,True
C:\Users\Lv043\OneDrive\Desktop\760proj\760-Group1\data\raw\Digital Knee X-ray Images\MedicalExpert-I\3Moderate\ModerateG3 (184).png,3,3Moderate,640,161,RGB,ModerateG3 (184).png,True
C:\Users\Lv043\OneDrive\Desktop\760proj\760-Group1\data\raw\Digital Knee X-ray Images\MedicalExpert-I\3Moderate\ModerateG3 (185).png,3,3Moderate,640,161,RGB,ModerateG3 (185).png,True
C:\Users\Lv043\OneDrive\Desktop\760proj\760-Group1\data\raw\Digital Knee X-ray Images\MedicalExpert-I\3Moderate\ModerateG3 (186).png,3,3Moderate,640,161,RGB,ModerateG3 (186).png,True
C:\Users\Lv043\OneDrive\Desktop\760proj\760-Group1\data\raw\Digital Knee X-ray Images\MedicalExpert-I\3Moderate\ModerateG3 (187).png,3,3Moderate,640,161,RGB,ModerateG3 (187).png,True
C:\Users\Lv043\OneDrive\Desktop\760proj\760-Group1\data\raw\Digital Knee X-ray Images\MedicalExpert-I\3Moderate\ModerateG3 (188).png,3,3Moderate,640,161,RGB,ModerateG3 (188).png,True
C:\Users\Lv043\OneDrive\Desktop\760proj\760-Group1\data\raw\Digital Knee X-ray Images\MedicalExpert-I\3Moderate\ModerateG3 (189).png,3,3Moderate,640,161,RGB,ModerateG3 (189).png,True
C:\Users\Lv043\OneDrive\Desktop\760proj\760-Group1\data\raw\Digital Knee X-ray Images\MedicalExpert-I\3Moderate\ModerateG3 (190).png,3,3Moderate,640,161,RGB,ModerateG3 (190).png,True
C:\Users\Lv043\OneDrive\Desktop\760proj\760-Group1\data\raw\Digital Knee X-ray Images\MedicalExpert-I\3Moderate\ModerateG3 (191).png,3,3Moderate,640,161,RGB,ModerateG3 (191).png,True
C:\Users\Lv043\OneDrive\Desktop\760proj\760-Group1\data\raw\Digital Knee X-ray Images\MedicalExpert-I\3Moderate\ModerateG3 (192).png,3,3Moderate,640,161,RGB,ModerateG3 (192).png,True
C:\Users\Lv043\OneDrive\Desktop\760proj\760-Group1\data\raw\Digital Knee X-ray Images\MedicalExpert-I\3Moderate\ModerateG3 (193).png,3,3Moderate,640,161,RGB,ModerateG3 (193).png,True
C:\Users\Lv043\OneDrive\Desktop\760proj\760-Group1\data\raw\Digital Knee X-ray Images\MedicalExpert-I\3Moderate\ModerateG3 (194).png,3,3Moderate,640,161,RGB,ModerateG3 (194).png,True
C:\Users\Lv043\OneDrive\Desktop\760proj\760-Group1\data\raw\Digital Knee X-ray Images\MedicalExpert-I\3Moderate\ModerateG3 (195).png,3,3Moderate,640,161,RGB,ModerateG3 (195).png,True
C:\Users\Lv043\OneDrive\Desktop\760proj\760-Group1\data\raw\Digital Knee X-ray Images\MedicalExpert-I\3Moderate\ModerateG3 (196).png,3,3Moderate,640,161,RGB,ModerateG3 (196).png,True
C:\Users\Lv043\OneDrive\Desktop\760proj\760-Group1\data\raw\Digital Knee X-ray Images\MedicalExpert-I\3Moderate\ModerateG3 (197).png,3,3Moderate,640,161,RGB,ModerateG3 (197).png,True
C:\Users\Lv043\OneDrive\Desktop\760proj\760-Group1\data\raw\Digital Knee X-ray Images\MedicalExpert-I\3Moderate\ModerateG3 (198).png,3,3Moderate,640,161,RGB,ModerateG3 (198).png,True
C:\Users\Lv043\OneDrive\Desktop\760proj\760-Group1\data\raw\Digital Knee X-ray Images\MedicalExpert-I\3Moderate\ModerateG3 (199).png,3,3Moderate,640,161,RGB,ModerateG3 (199).png,True
C:\Users\Lv043\OneDrive\Desktop\760proj\760-Group1\data\raw\Digital Knee X-ray Images\MedicalExpert-I\3Moderate\ModerateG3 (200).png,3,3Moderate,640,161,RGB,ModerateG3 (200).png,True
C:\Users\Lv043\OneDrive\Desktop\760proj\760-Group1\data\raw\Digital Knee X-ray Images\MedicalExpert-I\3Moderate\ModerateG3 (201).png,3,3Moderate,640,161,RGB,ModerateG3 (201).png,True
C:\Users\Lv043\OneDrive\Desktop\760proj\760-Group1\data\raw\Digital Knee X-ray Images\MedicalExpert-I\3Moderate\ModerateG3 (202).png,3,3Moderate,640,161,RGB,ModerateG3 (202).png,True
C:\Users\Lv043\OneDrive\Desktop\760proj\760-Group1\data\raw\Digital Knee X-ray Images\MedicalExpert-I\3Moderate\ModerateG3 (203).png,3,3Moderate,640,161,I;16,ModerateG3 (203).png,True
C:\Users\Lv043\OneDrive\Desktop\760proj\760-Group1\data\raw\Digital Knee X-ray Images\MedicalExpert-I\3Moderate\ModerateG3 (204).png,3,3Moderate,640,161,RGB,ModerateG3 (204).png,True
C:\Users\Lv043\OneDrive\Desktop\760proj\760-Group1\data\raw\Digital Knee X-ray Images\MedicalExpert-I\3Moderate\ModerateG3 (205).png,3,3Moderate,640,161,I;16,ModerateG3 (205).png,True
C:\Users\Lv043\OneDrive\Desktop\760proj\760-Group1\data\raw\Digital Knee X-ray Images\MedicalExpert-I\3Moderate\ModerateG3 (206).png,3,3Moderate,640,161,I;16,ModerateG3 (206).png,True
C:\Users\Lv043\OneDrive\Desktop\760proj\760-Group1\data\raw\Digital Knee X-ray Images\MedicalExpert-I\3Moderate\ModerateG3 (207).png,3,3Moderate,640,161,I;16,ModerateG3 (207).png,True
C:\Users\Lv043\OneDrive\Desktop\760proj\760-Group1\data\raw\Digital Knee X-ray Images\MedicalExpert-I\3Moderate\ModerateG3 (208).png,3,3Moderate,640,161,I;16,ModerateG3 (208).png,True
C:\Users\Lv043\OneDrive\Desktop\760proj\760-Group1\data\raw\Digital Knee X-ray Images\MedicalExpert-I\3Moderate\ModerateG3 (209).png,3,3Moderate,640,161,RGB,ModerateG3 (209).png,True
C:\Users\Lv043\OneDrive\Desktop\760proj\760-Group1\data\raw\Digital Knee X-ray Images\MedicalExpert-I\3Moderate\ModerateG3 (210).png,3,3Moderate,640,161,I;16,ModerateG3 (210).png,True
C:\Users\Lv043\OneDrive\Desktop\760proj\760-Group1\data\raw\Digital Knee X-ray Images\MedicalExpert-I\3Moderate\ModerateG3 (211).png,3,3Moderate,640,161,I;16,ModerateG3 (211).png,True
C:\Users\Lv043\OneDrive\Desktop\760proj\760-Group1\data\raw\Digital Knee X-ray Images\MedicalExpert-I\3Moderate\ModerateG3 (212).png,3,3Moderate,640,161,I;16,ModerateG3 (212).png,True
C:\Users\Lv043\OneDrive\Desktop\760proj\760-Group1\data\raw\Digital Knee X-ray Images\MedicalExpert-I\3Moderate\ModerateG3 (213).png,3,3Moderate,640,161,RGB,ModerateG3 (213).png,True
C:\Users\Lv043\OneDrive\Desktop\760proj\760-Group1\data\raw\Digital Knee X-ray Images\MedicalExpert-I\3Moderate\ModerateG3 (214).png,3,3Moderate,640,161,RGB,ModerateG3 (214).png,True
C:\Users\Lv043\OneDrive\Desktop\760proj\760-Group1\data\raw\Digital Knee X-ray Images\MedicalExpert-I\3Moderate\ModerateG3 (215).png,3,3Moderate,640,161,I;16,ModerateG3 (215).png,True
C:\Users\Lv043\OneDrive\Desktop\760proj\760-Group1\data\raw\Digital Knee X-ray Images\MedicalExpert-I\3Moderate\ModerateG3 (216).png,3,3Moderate,640,161,RGB,ModerateG3 (216).png,True
C:\Users\Lv043\OneDrive\Desktop\760proj\760-Group1\data\raw\Digital Knee X-ray Images\MedicalExpert-I\3Moderate\ModerateG3 (217).png,3,3Moderate,640,161,I;16,ModerateG3 (217).png,True
C:\Users\Lv043\OneDrive\Desktop\760proj\760-Group1\data\raw\Digital Knee X-ray Images\MedicalExpert-I\3Moderate\ModerateG3 (218).png,3,3Moderate,640,161,RGB,ModerateG3 (218).png,True
C:\Users\Lv043\OneDrive\Desktop\760proj\760-Group1\data\raw\Digital Knee X-ray Images\MedicalExpert-I\3Moderate\ModerateG3 (219).png,3,3Moderate,640,161,RGB,ModerateG3 (219).png,True
C:\Users\Lv043\OneDrive\Desktop\760proj\760-Group1\data\raw\Digital Knee X-ray Images\MedicalExpert-I\3Moderate\ModerateG3 (220).png,3,3Moderate,640,161,RGB,ModerateG3 (220).png,True
C:\Users\Lv043\OneDrive\Desktop\760proj\760-Group1\data\raw\Digital Knee X-ray Images\MedicalExpert-I\3Moderate\ModerateG3 (221).png,3,3Moderate,640,161,RGB,ModerateG3 (221).png,True
