original_path,new_path,label,class_name,filename
C:\Users\yuely\OneDrive\Desktop\cs760\760-Group1\data\raw\Digital Knee X-ray Images\MedicalExpert-I\0Normal\NormalG0 (453).png,C:\Users\yuely\OneDrive\Desktop\cs760\760-Group1\data\excluded\double_knee\0Normal\NormalG0 (453).png,0,Normal,NormalG0 (453).png
C:\Users\yuely\OneDrive\Desktop\cs760\760-Group1\data\raw\Digital Knee X-ray Images\MedicalExpert-I\0Normal\NormalG0 (454).png,C:\Users\yuely\OneDrive\Desktop\cs760\760-Group1\data\excluded\double_knee\0Normal\NormalG0 (454).png,0,Normal,NormalG0 (454).png
C:\Users\yuely\OneDrive\Desktop\cs760\760-Group1\data\raw\Digital Knee X-ray Images\MedicalExpert-I\0Normal\NormalG0 (455).png,C:\Users\yuely\OneDrive\Desktop\cs760\760-Group1\data\excluded\double_knee\0Normal\NormalG0 (455).png,0,Normal,NormalG0 (455).png
C:\Users\yuely\OneDrive\Desktop\cs760\760-Group1\data\raw\Digital Knee X-ray Images\MedicalExpert-I\0Normal\NormalG0 (456).png,C:\Users\yuely\OneDrive\Desktop\cs760\760-Group1\data\excluded\double_knee\0Normal\NormalG0 (456).png,0,Normal,NormalG0 (456).png
C:\Users\yuely\OneDrive\Desktop\cs760\760-Group1\data\raw\Digital Knee X-ray Images\MedicalExpert-I\0Normal\NormalG0 (457).png,C:\Users\yuely\OneDrive\Desktop\cs760\760-Group1\data\excluded\double_knee\0Normal\NormalG0 (457).png,0,Normal,NormalG0 (457).png
C:\Users\yuely\OneDrive\Desktop\cs760\760-Group1\data\raw\Digital Knee X-ray Images\MedicalExpert-I\0Normal\NormalG0 (458).png,C:\Users\yuely\OneDrive\Desktop\cs760\760-Group1\data\excluded\double_knee\0Normal\NormalG0 (458).png,0,Normal,NormalG0 (458).png
C:\Users\yuely\OneDrive\Desktop\cs760\760-Group1\data\raw\Digital Knee X-ray Images\MedicalExpert-I\0Normal\NormalG0 (459).png,C:\Users\yuely\OneDrive\Desktop\cs760\760-Group1\data\excluded\double_knee\0Normal\NormalG0 (459).png,0,Normal,NormalG0 (459).png
C:\Users\yuely\OneDrive\Desktop\cs760\760-Group1\data\raw\Digital Knee X-ray Images\MedicalExpert-I\0Normal\NormalG0 (460).png,C:\Users\yuely\OneDrive\Desktop\cs760\760-Group1\data\excluded\double_knee\0Normal\NormalG0 (460).png,0,Normal,NormalG0 (460).png
C:\Users\yuely\OneDrive\Desktop\cs760\760-Group1\data\raw\Digital Knee X-ray Images\MedicalExpert-I\0Normal\NormalG0 (461).png,C:\Users\yuely\OneDrive\Desktop\cs760\760-Group1\data\excluded\double_knee\0Normal\NormalG0 (461).png,0,Normal,NormalG0 (461).png
C:\Users\yuely\OneDrive\Desktop\cs760\760-Group1\data\raw\Digital Knee X-ray Images\MedicalExpert-I\0Normal\NormalG0 (462).png,C:\Users\yuely\OneDrive\Desktop\cs760\760-Group1\data\excluded\double_knee\0Normal\NormalG0 (462).png,0,Normal,NormalG0 (462).png
C:\Users\yuely\OneDrive\Desktop\cs760\760-Group1\data\raw\Digital Knee X-ray Images\MedicalExpert-I\0Normal\NormalG0 (463).png,C:\Users\yuely\OneDrive\Desktop\cs760\760-Group1\data\excluded\double_knee\0Normal\NormalG0 (463).png,0,Normal,NormalG0 (463).png
C:\Users\yuely\OneDrive\Desktop\cs760\760-Group1\data\raw\Digital Knee X-ray Images\MedicalExpert-I\0Normal\NormalG0 (464).png,C:\Users\yuely\OneDrive\Desktop\cs760\760-Group1\data\excluded\double_knee\0Normal\NormalG0 (464).png,0,Normal,NormalG0 (464).png
C:\Users\yuely\OneDrive\Desktop\cs760\760-Group1\data\raw\Digital Knee X-ray Images\MedicalExpert-I\0Normal\NormalG0 (465).png,C:\Users\yuely\OneDrive\Desktop\cs760\760-Group1\data\excluded\double_knee\0Normal\NormalG0 (465).png,0,Normal,NormalG0 (465).png
C:\Users\yuely\OneDrive\Desktop\cs760\760-Group1\data\raw\Digital Knee X-ray Images\MedicalExpert-I\0Normal\NormalG0 (466).png,C:\Users\yuely\OneDrive\Desktop\cs760\760-Group1\data\excluded\double_knee\0Normal\NormalG0 (466).png,0,Normal,NormalG0 (466).png
C:\Users\yuely\OneDrive\Desktop\cs760\760-Group1\data\raw\Digital Knee X-ray Images\MedicalExpert-I\0Normal\NormalG0 (467).png,C:\Users\yuely\OneDrive\Desktop\cs760\760-Group1\data\excluded\double_knee\0Normal\NormalG0 (467).png,0,Normal,NormalG0 (467).png
C:\Users\yuely\OneDrive\Desktop\cs760\760-Group1\data\raw\Digital Knee X-ray Images\MedicalExpert-I\0Normal\NormalG0 (468).png,C:\Users\yuely\OneDrive\Desktop\cs760\760-Group1\data\excluded\double_knee\0Normal\NormalG0 (468).png,0,Normal,NormalG0 (468).png
C:\Users\yuely\OneDrive\Desktop\cs760\760-Group1\data\raw\Digital Knee X-ray Images\MedicalExpert-I\0Normal\NormalG0 (469).png,C:\Users\yuely\OneDrive\Desktop\cs760\760-Group1\data\excluded\double_knee\0Normal\NormalG0 (469).png,0,Normal,NormalG0 (469).png
C:\Users\yuely\OneDrive\Desktop\cs760\760-Group1\data\raw\Digital Knee X-ray Images\MedicalExpert-I\0Normal\NormalG0 (470).png,C:\Users\yuely\OneDrive\Desktop\cs760\760-Group1\data\excluded\double_knee\0Normal\NormalG0 (470).png,0,Normal,NormalG0 (470).png
C:\Users\yuely\OneDrive\Desktop\cs760\760-Group1\data\raw\Digital Knee X-ray Images\MedicalExpert-I\0Normal\NormalG0 (471).png,C:\Users\yuely\OneDrive\Desktop\cs760\760-Group1\data\excluded\double_knee\0Normal\NormalG0 (471).png,0,Normal,NormalG0 (471).png
C:\Users\yuely\OneDrive\Desktop\cs760\760-Group1\data\raw\Digital Knee X-ray Images\MedicalExpert-I\0Normal\NormalG0 (472).png,C:\Users\yuely\OneDrive\Desktop\cs760\760-Group1\data\excluded\double_knee\0Normal\NormalG0 (472).png,0,Normal,NormalG0 (472).png
C:\Users\yuely\OneDrive\Desktop\cs760\760-Group1\data\raw\Digital Knee X-ray Images\MedicalExpert-I\0Normal\NormalG0 (473).png,C:\Users\yuely\OneDrive\Desktop\cs760\760-Group1\data\excluded\double_knee\0Normal\NormalG0 (473).png,0,Normal,NormalG0 (473).png
C:\Users\yuely\OneDrive\Desktop\cs760\760-Group1\data\raw\Digital Knee X-ray Images\MedicalExpert-I\0Normal\NormalG0 (474).png,C:\Users\yuely\OneDrive\Desktop\cs760\760-Group1\data\excluded\double_knee\0Normal\NormalG0 (474).png,0,Normal,NormalG0 (474).png
C:\Users\yuely\OneDrive\Desktop\cs760\760-Group1\data\raw\Digital Knee X-ray Images\MedicalExpert-I\0Normal\NormalG0 (475).png,C:\Users\yuely\OneDrive\Desktop\cs760\760-Group1\data\excluded\double_knee\0Normal\NormalG0 (475).png,0,Normal,NormalG0 (475).png
C:\Users\yuely\OneDrive\Desktop\cs760\760-Group1\data\raw\Digital Knee X-ray Images\MedicalExpert-I\0Normal\NormalG0 (476).png,C:\Users\yuely\OneDrive\Desktop\cs760\760-Group1\data\excluded\double_knee\0Normal\NormalG0 (476).png,0,Normal,NormalG0 (476).png
C:\Users\yuely\OneDrive\Desktop\cs760\760-Group1\data\raw\Digital Knee X-ray Images\MedicalExpert-I\0Normal\NormalG0 (477).png,C:\Users\yuely\OneDrive\Desktop\cs760\760-Group1\data\excluded\double_knee\0Normal\NormalG0 (477).png,0,Normal,NormalG0 (477).png
C:\Users\yuely\OneDrive\Desktop\cs760\760-Group1\data\raw\Digital Knee X-ray Images\MedicalExpert-I\0Normal\NormalG0 (478).png,C:\Users\yuely\OneDrive\Desktop\cs760\760-Group1\data\excluded\double_knee\0Normal\NormalG0 (478).png,0,Normal,NormalG0 (478).png
C:\Users\yuely\OneDrive\Desktop\cs760\760-Group1\data\raw\Digital Knee X-ray Images\MedicalExpert-I\0Normal\NormalG0 (479).png,C:\Users\yuely\OneDrive\Desktop\cs760\760-Group1\data\excluded\double_knee\0Normal\NormalG0 (479).png,0,Normal,NormalG0 (479).png
C:\Users\yuely\OneDrive\Desktop\cs760\760-Group1\data\raw\Digital Knee X-ray Images\MedicalExpert-I\0Normal\NormalG0 (480).png,C:\Users\yuely\OneDrive\Desktop\cs760\760-Group1\data\excluded\double_knee\0Normal\NormalG0 (480).png,0,Normal,NormalG0 (480).png
C:\Users\yuely\OneDrive\Desktop\cs760\760-Group1\data\raw\Digital Knee X-ray Images\MedicalExpert-I\0Normal\NormalG0 (481).png,C:\Users\yuely\OneDrive\Desktop\cs760\760-Group1\data\excluded\double_knee\0Normal\NormalG0 (481).png,0,Normal,NormalG0 (481).png
C:\Users\yuely\OneDrive\Desktop\cs760\760-Group1\data\raw\Digital Knee X-ray Images\MedicalExpert-I\0Normal\NormalG0 (482).png,C:\Users\yuely\OneDrive\Desktop\cs760\760-Group1\data\excluded\double_knee\0Normal\NormalG0 (482).png,0,Normal,NormalG0 (482).png
C:\Users\yuely\OneDrive\Desktop\cs760\760-Group1\data\raw\Digital Knee X-ray Images\MedicalExpert-I\0Normal\NormalG0 (483).png,C:\Users\yuely\OneDrive\Desktop\cs760\760-Group1\data\excluded\double_knee\0Normal\NormalG0 (483).png,0,Normal,NormalG0 (483).png
C:\Users\yuely\OneDrive\Desktop\cs760\760-Group1\data\raw\Digital Knee X-ray Images\MedicalExpert-I\0Normal\NormalG0 (484).png,C:\Users\yuely\OneDrive\Desktop\cs760\760-Group1\data\excluded\double_knee\0Normal\NormalG0 (484).png,0,Normal,NormalG0 (484).png
C:\Users\yuely\OneDrive\Desktop\cs760\760-Group1\data\raw\Digital Knee X-ray Images\MedicalExpert-I\0Normal\NormalG0 (485).png,C:\Users\yuely\OneDrive\Desktop\cs760\760-Group1\data\excluded\double_knee\0Normal\NormalG0 (485).png,0,Normal,NormalG0 (485).png
C:\Users\yuely\OneDrive\Desktop\cs760\760-Group1\data\raw\Digital Knee X-ray Images\MedicalExpert-I\0Normal\NormalG0 (486).png,C:\Users\yuely\OneDrive\Desktop\cs760\760-Group1\data\excluded\double_knee\0Normal\NormalG0 (486).png,0,Normal,NormalG0 (486).png
C:\Users\yuely\OneDrive\Desktop\cs760\760-Group1\data\raw\Digital Knee X-ray Images\MedicalExpert-I\0Normal\NormalG0 (487).png,C:\Users\yuely\OneDrive\Desktop\cs760\760-Group1\data\excluded\double_knee\0Normal\NormalG0 (487).png,0,Normal,NormalG0 (487).png
C:\Users\yuely\OneDrive\Desktop\cs760\760-Group1\data\raw\Digital Knee X-ray Images\MedicalExpert-I\0Normal\NormalG0 (488).png,C:\Users\yuely\OneDrive\Desktop\cs760\760-Group1\data\excluded\double_knee\0Normal\NormalG0 (488).png,0,Normal,NormalG0 (488).png
C:\Users\yuely\OneDrive\Desktop\cs760\760-Group1\data\raw\Digital Knee X-ray Images\MedicalExpert-I\0Normal\NormalG0 (489).png,C:\Users\yuely\OneDrive\Desktop\cs760\760-Group1\data\excluded\double_knee\0Normal\NormalG0 (489).png,0,Normal,NormalG0 (489).png
C:\Users\yuely\OneDrive\Desktop\cs760\760-Group1\data\raw\Digital Knee X-ray Images\MedicalExpert-I\0Normal\NormalG0 (490).png,C:\Users\yuely\OneDrive\Desktop\cs760\760-Group1\data\excluded\double_knee\0Normal\NormalG0 (490).png,0,Normal,NormalG0 (490).png
C:\Users\yuely\OneDrive\Desktop\cs760\760-Group1\data\raw\Digital Knee X-ray Images\MedicalExpert-I\0Normal\NormalG0 (491).png,C:\Users\yuely\OneDrive\Desktop\cs760\760-Group1\data\excluded\double_knee\0Normal\NormalG0 (491).png,0,Normal,NormalG0 (491).png
C:\Users\yuely\OneDrive\Desktop\cs760\760-Group1\data\raw\Digital Knee X-ray Images\MedicalExpert-I\0Normal\NormalG0 (492).png,C:\Users\yuely\OneDrive\Desktop\cs760\760-Group1\data\excluded\double_knee\0Normal\NormalG0 (492).png,0,Normal,NormalG0 (492).png
C:\Users\yuely\OneDrive\Desktop\cs760\760-Group1\data\raw\Digital Knee X-ray Images\MedicalExpert-I\0Normal\NormalG0 (493).png,C:\Users\yuely\OneDrive\Desktop\cs760\760-Group1\data\excluded\double_knee\0Normal\NormalG0 (493).png,0,Normal,NormalG0 (493).png
C:\Users\yuely\OneDrive\Desktop\cs760\760-Group1\data\raw\Digital Knee X-ray Images\MedicalExpert-I\0Normal\NormalG0 (494).png,C:\Users\yuely\OneDrive\Desktop\cs760\760-Group1\data\excluded\double_knee\0Normal\NormalG0 (494).png,0,Normal,NormalG0 (494).png
C:\Users\yuely\OneDrive\Desktop\cs760\760-Group1\data\raw\Digital Knee X-ray Images\MedicalExpert-I\0Normal\NormalG0 (495).png,C:\Users\yuely\OneDrive\Desktop\cs760\760-Group1\data\excluded\double_knee\0Normal\NormalG0 (495).png,0,Normal,NormalG0 (495).png
C:\Users\yuely\OneDrive\Desktop\cs760\760-Group1\data\raw\Digital Knee X-ray Images\MedicalExpert-I\0Normal\NormalG0 (496).png,C:\Users\yuely\OneDrive\Desktop\cs760\760-Group1\data\excluded\double_knee\0Normal\NormalG0 (496).png,0,Normal,NormalG0 (496).png
C:\Users\yuely\OneDrive\Desktop\cs760\760-Group1\data\raw\Digital Knee X-ray Images\MedicalExpert-I\0Normal\NormalG0 (497).png,C:\Users\yuely\OneDrive\Desktop\cs760\760-Group1\data\excluded\double_knee\0Normal\NormalG0 (497).png,0,Normal,NormalG0 (497).png
C:\Users\yuely\OneDrive\Desktop\cs760\760-Group1\data\raw\Digital Knee X-ray Images\MedicalExpert-I\0Normal\NormalG0 (498).png,C:\Users\yuely\OneDrive\Desktop\cs760\760-Group1\data\excluded\double_knee\0Normal\NormalG0 (498).png,0,Normal,NormalG0 (498).png
C:\Users\yuely\OneDrive\Desktop\cs760\760-Group1\data\raw\Digital Knee X-ray Images\MedicalExpert-I\0Normal\NormalG0 (499).png,C:\Users\yuely\OneDrive\Desktop\cs760\760-Group1\data\excluded\double_knee\0Normal\NormalG0 (499).png,0,Normal,NormalG0 (499).png
C:\Users\yuely\OneDrive\Desktop\cs760\760-Group1\data\raw\Digital Knee X-ray Images\MedicalExpert-I\0Normal\NormalG0 (500).png,C:\Users\yuely\OneDrive\Desktop\cs760\760-Group1\data\excluded\double_knee\0Normal\NormalG0 (500).png,0,Normal,NormalG0 (500).png
C:\Users\yuely\OneDrive\Desktop\cs760\760-Group1\data\raw\Digital Knee X-ray Images\MedicalExpert-I\0Normal\NormalG0 (501).png,C:\Users\yuely\OneDrive\Desktop\cs760\760-Group1\data\excluded\double_knee\0Normal\NormalG0 (501).png,0,Normal,NormalG0 (501).png
C:\Users\yuely\OneDrive\Desktop\cs760\760-Group1\data\raw\Digital Knee X-ray Images\MedicalExpert-I\0Normal\NormalG0 (502).png,C:\Users\yuely\OneDrive\Desktop\cs760\760-Group1\data\excluded\double_knee\0Normal\NormalG0 (502).png,0,Normal,NormalG0 (502).png
C:\Users\yuely\OneDrive\Desktop\cs760\760-Group1\data\raw\Digital Knee X-ray Images\MedicalExpert-I\0Normal\NormalG0 (503).png,C:\Users\yuely\OneDrive\Desktop\cs760\760-Group1\data\excluded\double_knee\0Normal\NormalG0 (503).png,0,Normal,NormalG0 (503).png
C:\Users\yuely\OneDrive\Desktop\cs760\760-Group1\data\raw\Digital Knee X-ray Images\MedicalExpert-I\0Normal\NormalG0 (504).png,C:\Users\yuely\OneDrive\Desktop\cs760\760-Group1\data\excluded\double_knee\0Normal\NormalG0 (504).png,0,Normal,NormalG0 (504).png
C:\Users\yuely\OneDrive\Desktop\cs760\760-Group1\data\raw\Digital Knee X-ray Images\MedicalExpert-I\0Normal\NormalG0 (505).png,C:\Users\yuely\OneDrive\Desktop\cs760\760-Group1\data\excluded\double_knee\0Normal\NormalG0 (505).png,0,Normal,NormalG0 (505).png
C:\Users\yuely\OneDrive\Desktop\cs760\760-Group1\data\raw\Digital Knee X-ray Images\MedicalExpert-I\0Normal\NormalG0 (506).png,C:\Users\yuely\OneDrive\Desktop\cs760\760-Group1\data\excluded\double_knee\0Normal\NormalG0 (506).png,0,Normal,NormalG0 (506).png
C:\Users\yuely\OneDrive\Desktop\cs760\760-Group1\data\raw\Digital Knee X-ray Images\MedicalExpert-I\0Normal\NormalG0 (507).png,C:\Users\yuely\OneDrive\Desktop\cs760\760-Group1\data\excluded\double_knee\0Normal\NormalG0 (507).png,0,Normal,NormalG0 (507).png
C:\Users\yuely\OneDrive\Desktop\cs760\760-Group1\data\raw\Digital Knee X-ray Images\MedicalExpert-I\0Normal\NormalG0 (508).png,C:\Users\yuely\OneDrive\Desktop\cs760\760-Group1\data\excluded\double_knee\0Normal\NormalG0 (508).png,0,Normal,NormalG0 (508).png
C:\Users\yuely\OneDrive\Desktop\cs760\760-Group1\data\raw\Digital Knee X-ray Images\MedicalExpert-I\0Normal\NormalG0 (509).png,C:\Users\yuely\OneDrive\Desktop\cs760\760-Group1\data\excluded\double_knee\0Normal\NormalG0 (509).png,0,Normal,NormalG0 (509).png
C:\Users\yuely\OneDrive\Desktop\cs760\760-Group1\data\raw\Digital Knee X-ray Images\MedicalExpert-I\0Normal\NormalG0 (510).png,C:\Users\yuely\OneDrive\Desktop\cs760\760-Group1\data\excluded\double_knee\0Normal\NormalG0 (510).png,0,Normal,NormalG0 (510).png
C:\Users\yuely\OneDrive\Desktop\cs760\760-Group1\data\raw\Digital Knee X-ray Images\MedicalExpert-I\0Normal\NormalG0 (511).png,C:\Users\yuely\OneDrive\Desktop\cs760\760-Group1\data\excluded\double_knee\0Normal\NormalG0 (511).png,0,Normal,NormalG0 (511).png
C:\Users\yuely\OneDrive\Desktop\cs760\760-Group1\data\raw\Digital Knee X-ray Images\MedicalExpert-I\0Normal\NormalG0 (512).png,C:\Users\yuely\OneDrive\Desktop\cs760\760-Group1\data\excluded\double_knee\0Normal\NormalG0 (512).png,0,Normal,NormalG0 (512).png
C:\Users\yuely\OneDrive\Desktop\cs760\760-Group1\data\raw\Digital Knee X-ray Images\MedicalExpert-I\0Normal\NormalG0 (513).png,C:\Users\yuely\OneDrive\Desktop\cs760\760-Group1\data\excluded\double_knee\0Normal\NormalG0 (513).png,0,Normal,NormalG0 (513).png
C:\Users\yuely\OneDrive\Desktop\cs760\760-Group1\data\raw\Digital Knee X-ray Images\MedicalExpert-I\0Normal\NormalG0 (514).png,C:\Users\yuely\OneDrive\Desktop\cs760\760-Group1\data\excluded\double_knee\0Normal\NormalG0 (514).png,0,Normal,NormalG0 (514).png
C:\Users\yuely\OneDrive\Desktop\cs760\760-Group1\data\raw\Digital Knee X-ray Images\MedicalExpert-I\1Doubtful\DoubtfulG1 (441).png,C:\Users\yuely\OneDrive\Desktop\cs760\760-Group1\data\excluded\double_knee\1Doubtful\DoubtfulG1 (441).png,1,Doubtful,DoubtfulG1 (441).png
C:\Users\yuely\OneDrive\Desktop\cs760\760-Group1\data\raw\Digital Knee X-ray Images\MedicalExpert-I\1Doubtful\DoubtfulG1 (442).png,C:\Users\yuely\OneDrive\Desktop\cs760\760-Group1\data\excluded\double_knee\1Doubtful\DoubtfulG1 (442).png,1,Doubtful,DoubtfulG1 (442).png
C:\Users\yuely\OneDrive\Desktop\cs760\760-Group1\data\raw\Digital Knee X-ray Images\MedicalExpert-I\1Doubtful\DoubtfulG1 (443).png,C:\Users\yuely\OneDrive\Desktop\cs760\760-Group1\data\excluded\double_knee\1Doubtful\DoubtfulG1 (443).png,1,Doubtful,DoubtfulG1 (443).png
C:\Users\yuely\OneDrive\Desktop\cs760\760-Group1\data\raw\Digital Knee X-ray Images\MedicalExpert-I\1Doubtful\DoubtfulG1 (444).png,C:\Users\yuely\OneDrive\Desktop\cs760\760-Group1\data\excluded\double_knee\1Doubtful\DoubtfulG1 (444).png,1,Doubtful,DoubtfulG1 (444).png
C:\Users\yuely\OneDrive\Desktop\cs760\760-Group1\data\raw\Digital Knee X-ray Images\MedicalExpert-I\1Doubtful\DoubtfulG1 (445).png,C:\Users\yuely\OneDrive\Desktop\cs760\760-Group1\data\excluded\double_knee\1Doubtful\DoubtfulG1 (445).png,1,Doubtful,DoubtfulG1 (445).png
C:\Users\yuely\OneDrive\Desktop\cs760\760-Group1\data\raw\Digital Knee X-ray Images\MedicalExpert-I\1Doubtful\DoubtfulG1 (446).png,C:\Users\yuely\OneDrive\Desktop\cs760\760-Group1\data\excluded\double_knee\1Doubtful\DoubtfulG1 (446).png,1,Doubtful,DoubtfulG1 (446).png
C:\Users\yuely\OneDrive\Desktop\cs760\760-Group1\data\raw\Digital Knee X-ray Images\MedicalExpert-I\1Doubtful\DoubtfulG1 (447).png,C:\Users\yuely\OneDrive\Desktop\cs760\760-Group1\data\excluded\double_knee\1Doubtful\DoubtfulG1 (447).png,1,Doubtful,DoubtfulG1 (447).png
C:\Users\yuely\OneDrive\Desktop\cs760\760-Group1\data\raw\Digital Knee X-ray Images\MedicalExpert-I\1Doubtful\DoubtfulG1 (448).png,C:\Users\yuely\OneDrive\Desktop\cs760\760-Group1\data\excluded\double_knee\1Doubtful\DoubtfulG1 (448).png,1,Doubtful,DoubtfulG1 (448).png
C:\Users\yuely\OneDrive\Desktop\cs760\760-Group1\data\raw\Digital Knee X-ray Images\MedicalExpert-I\1Doubtful\DoubtfulG1 (449).png,C:\Users\yuely\OneDrive\Desktop\cs760\760-Group1\data\excluded\double_knee\1Doubtful\DoubtfulG1 (449).png,1,Doubtful,DoubtfulG1 (449).png
C:\Users\yuely\OneDrive\Desktop\cs760\760-Group1\data\raw\Digital Knee X-ray Images\MedicalExpert-I\1Doubtful\DoubtfulG1 (450).png,C:\Users\yuely\OneDrive\Desktop\cs760\760-Group1\data\excluded\double_knee\1Doubtful\DoubtfulG1 (450).png,1,Doubtful,DoubtfulG1 (450).png
C:\Users\yuely\OneDrive\Desktop\cs760\760-Group1\data\raw\Digital Knee X-ray Images\MedicalExpert-I\1Doubtful\DoubtfulG1 (451).png,C:\Users\yuely\OneDrive\Desktop\cs760\760-Group1\data\excluded\double_knee\1Doubtful\DoubtfulG1 (451).png,1,Doubtful,DoubtfulG1 (451).png
C:\Users\yuely\OneDrive\Desktop\cs760\760-Group1\data\raw\Digital Knee X-ray Images\MedicalExpert-I\1Doubtful\DoubtfulG1 (452).png,C:\Users\yuely\OneDrive\Desktop\cs760\760-Group1\data\excluded\double_knee\1Doubtful\DoubtfulG1 (452).png,1,Doubtful,DoubtfulG1 (452).png
C:\Users\yuely\OneDrive\Desktop\cs760\760-Group1\data\raw\Digital Knee X-ray Images\MedicalExpert-I\1Doubtful\DoubtfulG1 (453).png,C:\Users\yuely\OneDrive\Desktop\cs760\760-Group1\data\excluded\double_knee\1Doubtful\DoubtfulG1 (453).png,1,Doubtful,DoubtfulG1 (453).png
C:\Users\yuely\OneDrive\Desktop\cs760\760-Group1\data\raw\Digital Knee X-ray Images\MedicalExpert-I\1Doubtful\DoubtfulG1 (454).png,C:\Users\yuely\OneDrive\Desktop\cs760\760-Group1\data\excluded\double_knee\1Doubtful\DoubtfulG1 (454).png,1,Doubtful,DoubtfulG1 (454).png
C:\Users\yuely\OneDrive\Desktop\cs760\760-Group1\data\raw\Digital Knee X-ray Images\MedicalExpert-I\1Doubtful\DoubtfulG1 (455).png,C:\Users\yuely\OneDrive\Desktop\cs760\760-Group1\data\excluded\double_knee\1Doubtful\DoubtfulG1 (455).png,1,Doubtful,DoubtfulG1 (455).png
C:\Users\yuely\OneDrive\Desktop\cs760\760-Group1\data\raw\Digital Knee X-ray Images\MedicalExpert-I\1Doubtful\DoubtfulG1 (456).png,C:\Users\yuely\OneDrive\Desktop\cs760\760-Group1\data\excluded\double_knee\1Doubtful\DoubtfulG1 (456).png,1,Doubtful,DoubtfulG1 (456).png
C:\Users\yuely\OneDrive\Desktop\cs760\760-Group1\data\raw\Digital Knee X-ray Images\MedicalExpert-I\1Doubtful\DoubtfulG1 (457).png,C:\Users\yuely\OneDrive\Desktop\cs760\760-Group1\data\excluded\double_knee\1Doubtful\DoubtfulG1 (457).png,1,Doubtful,DoubtfulG1 (457).png
C:\Users\yuely\OneDrive\Desktop\cs760\760-Group1\data\raw\Digital Knee X-ray Images\MedicalExpert-I\1Doubtful\DoubtfulG1 (458).png,C:\Users\yuely\OneDrive\Desktop\cs760\760-Group1\data\excluded\double_knee\1Doubtful\DoubtfulG1 (458).png,1,Doubtful,DoubtfulG1 (458).png
C:\Users\yuely\OneDrive\Desktop\cs760\760-Group1\data\raw\Digital Knee X-ray Images\MedicalExpert-I\1Doubtful\DoubtfulG1 (459).png,C:\Users\yuely\OneDrive\Desktop\cs760\760-Group1\data\excluded\double_knee\1Doubtful\DoubtfulG1 (459).png,1,Doubtful,DoubtfulG1 (459).png
C:\Users\yuely\OneDrive\Desktop\cs760\760-Group1\data\raw\Digital Knee X-ray Images\MedicalExpert-I\1Doubtful\DoubtfulG1 (460).png,C:\Users\yuely\OneDrive\Desktop\cs760\760-Group1\data\excluded\double_knee\1Doubtful\DoubtfulG1 (460).png,1,Doubtful,DoubtfulG1 (460).png
C:\Users\yuely\OneDrive\Desktop\cs760\760-Group1\data\raw\Digital Knee X-ray Images\MedicalExpert-I\1Doubtful\DoubtfulG1 (461).png,C:\Users\yuely\OneDrive\Desktop\cs760\760-Group1\data\excluded\double_knee\1Doubtful\DoubtfulG1 (461).png,1,Doubtful,DoubtfulG1 (461).png
C:\Users\yuely\OneDrive\Desktop\cs760\760-Group1\data\raw\Digital Knee X-ray Images\MedicalExpert-I\1Doubtful\DoubtfulG1 (462).png,C:\Users\yuely\OneDrive\Desktop\cs760\760-Group1\data\excluded\double_knee\1Doubtful\DoubtfulG1 (462).png,1,Doubtful,DoubtfulG1 (462).png
C:\Users\yuely\OneDrive\Desktop\cs760\760-Group1\data\raw\Digital Knee X-ray Images\MedicalExpert-I\1Doubtful\DoubtfulG1 (463).png,C:\Users\yuely\OneDrive\Desktop\cs760\760-Group1\data\excluded\double_knee\1Doubtful\DoubtfulG1 (463).png,1,Doubtful,DoubtfulG1 (463).png
C:\Users\yuely\OneDrive\Desktop\cs760\760-Group1\data\raw\Digital Knee X-ray Images\MedicalExpert-I\1Doubtful\DoubtfulG1 (464).png,C:\Users\yuely\OneDrive\Desktop\cs760\760-Group1\data\excluded\double_knee\1Doubtful\DoubtfulG1 (464).png,1,Doubtful,DoubtfulG1 (464).png
C:\Users\yuely\OneDrive\Desktop\cs760\760-Group1\data\raw\Digital Knee X-ray Images\MedicalExpert-I\1Doubtful\DoubtfulG1 (465).png,C:\Users\yuely\OneDrive\Desktop\cs760\760-Group1\data\excluded\double_knee\1Doubtful\DoubtfulG1 (465).png,1,Doubtful,DoubtfulG1 (465).png
C:\Users\yuely\OneDrive\Desktop\cs760\760-Group1\data\raw\Digital Knee X-ray Images\MedicalExpert-I\1Doubtful\DoubtfulG1 (466).png,C:\Users\yuely\OneDrive\Desktop\cs760\760-Group1\data\excluded\double_knee\1Doubtful\DoubtfulG1 (466).png,1,Doubtful,DoubtfulG1 (466).png
C:\Users\yuely\OneDrive\Desktop\cs760\760-Group1\data\raw\Digital Knee X-ray Images\MedicalExpert-I\1Doubtful\DoubtfulG1 (467).png,C:\Users\yuely\OneDrive\Desktop\cs760\760-Group1\data\excluded\double_knee\1Doubtful\DoubtfulG1 (467).png,1,Doubtful,DoubtfulG1 (467).png
C:\Users\yuely\OneDrive\Desktop\cs760\760-Group1\data\raw\Digital Knee X-ray Images\MedicalExpert-I\1Doubtful\DoubtfulG1 (468).png,C:\Users\yuely\OneDrive\Desktop\cs760\760-Group1\data\excluded\double_knee\1Doubtful\DoubtfulG1 (468).png,1,Doubtful,DoubtfulG1 (468).png
C:\Users\yuely\OneDrive\Desktop\cs760\760-Group1\data\raw\Digital Knee X-ray Images\MedicalExpert-I\1Doubtful\DoubtfulG1 (469).png,C:\Users\yuely\OneDrive\Desktop\cs760\760-Group1\data\excluded\double_knee\1Doubtful\DoubtfulG1 (469).png,1,Doubtful,DoubtfulG1 (469).png
C:\Users\yuely\OneDrive\Desktop\cs760\760-Group1\data\raw\Digital Knee X-ray Images\MedicalExpert-I\1Doubtful\DoubtfulG1 (470).png,C:\Users\yuely\OneDrive\Desktop\cs760\760-Group1\data\excluded\double_knee\1Doubtful\DoubtfulG1 (470).png,1,Doubtful,DoubtfulG1 (470).png
C:\Users\yuely\OneDrive\Desktop\cs760\760-Group1\data\raw\Digital Knee X-ray Images\MedicalExpert-I\1Doubtful\DoubtfulG1 (471).png,C:\Users\yuely\OneDrive\Desktop\cs760\760-Group1\data\excluded\double_knee\1Doubtful\DoubtfulG1 (471).png,1,Doubtful,DoubtfulG1 (471).png
C:\Users\yuely\OneDrive\Desktop\cs760\760-Group1\data\raw\Digital Knee X-ray Images\MedicalExpert-I\1Doubtful\DoubtfulG1 (472).png,C:\Users\yuely\OneDrive\Desktop\cs760\760-Group1\data\excluded\double_knee\1Doubtful\DoubtfulG1 (472).png,1,Doubtful,DoubtfulG1 (472).png
C:\Users\yuely\OneDrive\Desktop\cs760\760-Group1\data\raw\Digital Knee X-ray Images\MedicalExpert-I\1Doubtful\DoubtfulG1 (473).png,C:\Users\yuely\OneDrive\Desktop\cs760\760-Group1\data\excluded\double_knee\1Doubtful\DoubtfulG1 (473).png,1,Doubtful,DoubtfulG1 (473).png
C:\Users\yuely\OneDrive\Desktop\cs760\760-Group1\data\raw\Digital Knee X-ray Images\MedicalExpert-I\1Doubtful\DoubtfulG1 (474).png,C:\Users\yuely\OneDrive\Desktop\cs760\760-Group1\data\excluded\double_knee\1Doubtful\DoubtfulG1 (474).png,1,Doubtful,DoubtfulG1 (474).png
C:\Users\yuely\OneDrive\Desktop\cs760\760-Group1\data\raw\Digital Knee X-ray Images\MedicalExpert-I\1Doubtful\DoubtfulG1 (475).png,C:\Users\yuely\OneDrive\Desktop\cs760\760-Group1\data\excluded\double_knee\1Doubtful\DoubtfulG1 (475).png,1,Doubtful,DoubtfulG1 (475).png
C:\Users\yuely\OneDrive\Desktop\cs760\760-Group1\data\raw\Digital Knee X-ray Images\MedicalExpert-I\1Doubtful\DoubtfulG1 (476).png,C:\Users\yuely\OneDrive\Desktop\cs760\760-Group1\data\excluded\double_knee\1Doubtful\DoubtfulG1 (476).png,1,Doubtful,DoubtfulG1 (476).png
C:\Users\yuely\OneDrive\Desktop\cs760\760-Group1\data\raw\Digital Knee X-ray Images\MedicalExpert-I\1Doubtful\DoubtfulG1 (477).png,C:\Users\yuely\OneDrive\Desktop\cs760\760-Group1\data\excluded\double_knee\1Doubtful\DoubtfulG1 (477).png,1,Doubtful,DoubtfulG1 (477).png
C:\Users\yuely\OneDrive\Desktop\cs760\760-Group1\data\raw\Digital Knee X-ray Images\MedicalExpert-I\2Mild\MildG2 (192).png,C:\Users\yuely\OneDrive\Desktop\cs760\760-Group1\data\excluded\double_knee\2Mild\MildG2 (192).png,2,Mild,MildG2 (192).png
C:\Users\yuely\OneDrive\Desktop\cs760\760-Group1\data\raw\Digital Knee X-ray Images\MedicalExpert-I\2Mild\MildG2 (193).png,C:\Users\yuely\OneDrive\Desktop\cs760\760-Group1\data\excluded\double_knee\2Mild\MildG2 (193).png,2,Mild,MildG2 (193).png
C:\Users\yuely\OneDrive\Desktop\cs760\760-Group1\data\raw\Digital Knee X-ray Images\MedicalExpert-I\2Mild\MildG2 (194).png,C:\Users\yuely\OneDrive\Desktop\cs760\760-Group1\data\excluded\double_knee\2Mild\MildG2 (194).png,2,Mild,MildG2 (194).png
C:\Users\yuely\OneDrive\Desktop\cs760\760-Group1\data\raw\Digital Knee X-ray Images\MedicalExpert-I\2Mild\MildG2 (195).png,C:\Users\yuely\OneDrive\Desktop\cs760\760-Group1\data\excluded\double_knee\2Mild\MildG2 (195).png,2,Mild,MildG2 (195).png
C:\Users\yuely\OneDrive\Desktop\cs760\760-Group1\data\raw\Digital Knee X-ray Images\MedicalExpert-I\2Mild\MildG2 (196).png,C:\Users\yuely\OneDrive\Desktop\cs760\760-Group1\data\excluded\double_knee\2Mild\MildG2 (196).png,2,Mild,MildG2 (196).png
C:\Users\yuely\OneDrive\Desktop\cs760\760-Group1\data\raw\Digital Knee X-ray Images\MedicalExpert-I\2Mild\MildG2 (197).png,C:\Users\yuely\OneDrive\Desktop\cs760\760-Group1\data\excluded\double_knee\2Mild\MildG2 (197).png,2,Mild,MildG2 (197).png
C:\Users\yuely\OneDrive\Desktop\cs760\760-Group1\data\raw\Digital Knee X-ray Images\MedicalExpert-I\2Mild\MildG2 (198).png,C:\Users\yuely\OneDrive\Desktop\cs760\760-Group1\data\excluded\double_knee\2Mild\MildG2 (198).png,2,Mild,MildG2 (198).png
C:\Users\yuely\OneDrive\Desktop\cs760\760-Group1\data\raw\Digital Knee X-ray Images\MedicalExpert-I\2Mild\MildG2 (199).png,C:\Users\yuely\OneDrive\Desktop\cs760\760-Group1\data\excluded\double_knee\2Mild\MildG2 (199).png,2,Mild,MildG2 (199).png
C:\Users\yuely\OneDrive\Desktop\cs760\760-Group1\data\raw\Digital Knee X-ray Images\MedicalExpert-I\2Mild\MildG2 (200).png,C:\Users\yuely\OneDrive\Desktop\cs760\760-Group1\data\excluded\double_knee\2Mild\MildG2 (200).png,2,Mild,MildG2 (200).png
C:\Users\yuely\OneDrive\Desktop\cs760\760-Group1\data\raw\Digital Knee X-ray Images\MedicalExpert-I\2Mild\MildG2 (201).png,C:\Users\yuely\OneDrive\Desktop\cs760\760-Group1\data\excluded\double_knee\2Mild\MildG2 (201).png,2,Mild,MildG2 (201).png
C:\Users\yuely\OneDrive\Desktop\cs760\760-Group1\data\raw\Digital Knee X-ray Images\MedicalExpert-I\2Mild\MildG2 (202).png,C:\Users\yuely\OneDrive\Desktop\cs760\760-Group1\data\excluded\double_knee\2Mild\MildG2 (202).png,2,Mild,MildG2 (202).png
C:\Users\yuely\OneDrive\Desktop\cs760\760-Group1\data\raw\Digital Knee X-ray Images\MedicalExpert-I\2Mild\MildG2 (203).png,C:\Users\yuely\OneDrive\Desktop\cs760\760-Group1\data\excluded\double_knee\2Mild\MildG2 (203).png,2,Mild,MildG2 (203).png
C:\Users\yuely\OneDrive\Desktop\cs760\760-Group1\data\raw\Digital Knee X-ray Images\MedicalExpert-I\2Mild\MildG2 (204).png,C:\Users\yuely\OneDrive\Desktop\cs760\760-Group1\data\excluded\double_knee\2Mild\MildG2 (204).png,2,Mild,MildG2 (204).png
C:\Users\yuely\OneDrive\Desktop\cs760\760-Group1\data\raw\Digital Knee X-ray Images\MedicalExpert-I\2Mild\MildG2 (205).png,C:\Users\yuely\OneDrive\Desktop\cs760\760-Group1\data\excluded\double_knee\2Mild\MildG2 (205).png,2,Mild,MildG2 (205).png
C:\Users\yuely\OneDrive\Desktop\cs760\760-Group1\data\raw\Digital Knee X-ray Images\MedicalExpert-I\2Mild\MildG2 (206).png,C:\Users\yuely\OneDrive\Desktop\cs760\760-Group1\data\excluded\double_knee\2Mild\MildG2 (206).png,2,Mild,MildG2 (206).png
C:\Users\yuely\OneDrive\Desktop\cs760\760-Group1\data\raw\Digital Knee X-ray Images\MedicalExpert-I\2Mild\MildG2 (207).png,C:\Users\yuely\OneDrive\Desktop\cs760\760-Group1\data\excluded\double_knee\2Mild\MildG2 (207).png,2,Mild,MildG2 (207).png
C:\Users\yuely\OneDrive\Desktop\cs760\760-Group1\data\raw\Digital Knee X-ray Images\MedicalExpert-I\2Mild\MildG2 (208).png,C:\Users\yuely\OneDrive\Desktop\cs760\760-Group1\data\excluded\double_knee\2Mild\MildG2 (208).png,2,Mild,MildG2 (208).png
C:\Users\yuely\OneDrive\Desktop\cs760\760-Group1\data\raw\Digital Knee X-ray Images\MedicalExpert-I\2Mild\MildG2 (209).png,C:\Users\yuely\OneDrive\Desktop\cs760\760-Group1\data\excluded\double_knee\2Mild\MildG2 (209).png,2,Mild,MildG2 (209).png
C:\Users\yuely\OneDrive\Desktop\cs760\760-Group1\data\raw\Digital Knee X-ray Images\MedicalExpert-I\2Mild\MildG2 (210).png,C:\Users\yuely\OneDrive\Desktop\cs760\760-Group1\data\excluded\double_knee\2Mild\MildG2 (210).png,2,Mild,MildG2 (210).png
C:\Users\yuely\OneDrive\Desktop\cs760\760-Group1\data\raw\Digital Knee X-ray Images\MedicalExpert-I\2Mild\MildG2 (211).png,C:\Users\yuely\OneDrive\Desktop\cs760\760-Group1\data\excluded\double_knee\2Mild\MildG2 (211).png,2,Mild,MildG2 (211).png
C:\Users\yuely\OneDrive\Desktop\cs760\760-Group1\data\raw\Digital Knee X-ray Images\MedicalExpert-I\2Mild\MildG2 (212).png,C:\Users\yuely\OneDrive\Desktop\cs760\760-Group1\data\excluded\double_knee\2Mild\MildG2 (212).png,2,Mild,MildG2 (212).png
C:\Users\yuely\OneDrive\Desktop\cs760\760-Group1\data\raw\Digital Knee X-ray Images\MedicalExpert-I\2Mild\MildG2 (213).png,C:\Users\yuely\OneDrive\Desktop\cs760\760-Group1\data\excluded\double_knee\2Mild\MildG2 (213).png,2,Mild,MildG2 (213).png
C:\Users\yuely\OneDrive\Desktop\cs760\760-Group1\data\raw\Digital Knee X-ray Images\MedicalExpert-I\2Mild\MildG2 (214).png,C:\Users\yuely\OneDrive\Desktop\cs760\760-Group1\data\excluded\double_knee\2Mild\MildG2 (214).png,2,Mild,MildG2 (214).png
C:\Users\yuely\OneDrive\Desktop\cs760\760-Group1\data\raw\Digital Knee X-ray Images\MedicalExpert-I\2Mild\MildG2 (215).png,C:\Users\yuely\OneDrive\Desktop\cs760\760-Group1\data\excluded\double_knee\2Mild\MildG2 (215).png,2,Mild,MildG2 (215).png
C:\Users\yuely\OneDrive\Desktop\cs760\760-Group1\data\raw\Digital Knee X-ray Images\MedicalExpert-I\2Mild\MildG2 (216).png,C:\Users\yuely\OneDrive\Desktop\cs760\760-Group1\data\excluded\double_knee\2Mild\MildG2 (216).png,2,Mild,MildG2 (216).png
C:\Users\yuely\OneDrive\Desktop\cs760\760-Group1\data\raw\Digital Knee X-ray Images\MedicalExpert-I\2Mild\MildG2 (217).png,C:\Users\yuely\OneDrive\Desktop\cs760\760-Group1\data\excluded\double_knee\2Mild\MildG2 (217).png,2,Mild,MildG2 (217).png
C:\Users\yuely\OneDrive\Desktop\cs760\760-Group1\data\raw\Digital Knee X-ray Images\MedicalExpert-I\2Mild\MildG2 (218).png,C:\Users\yuely\OneDrive\Desktop\cs760\760-Group1\data\excluded\double_knee\2Mild\MildG2 (218).png,2,Mild,MildG2 (218).png
C:\Users\yuely\OneDrive\Desktop\cs760\760-Group1\data\raw\Digital Knee X-ray Images\MedicalExpert-I\2Mild\MildG2 (219).png,C:\Users\yuely\OneDrive\Desktop\cs760\760-Group1\data\excluded\double_knee\2Mild\MildG2 (219).png,2,Mild,MildG2 (219).png
C:\Users\yuely\OneDrive\Desktop\cs760\760-Group1\data\raw\Digital Knee X-ray Images\MedicalExpert-I\2Mild\MildG2 (220).png,C:\Users\yuely\OneDrive\Desktop\cs760\760-Group1\data\excluded\double_knee\2Mild\MildG2 (220).png,2,Mild,MildG2 (220).png
C:\Users\yuely\OneDrive\Desktop\cs760\760-Group1\data\raw\Digital Knee X-ray Images\MedicalExpert-I\2Mild\MildG2 (221).png,C:\Users\yuely\OneDrive\Desktop\cs760\760-Group1\data\excluded\double_knee\2Mild\MildG2 (221).png,2,Mild,MildG2 (221).png
C:\Users\yuely\OneDrive\Desktop\cs760\760-Group1\data\raw\Digital Knee X-ray Images\MedicalExpert-I\2Mild\MildG2 (222).png,C:\Users\yuely\OneDrive\Desktop\cs760\760-Group1\data\excluded\double_knee\2Mild\MildG2 (222).png,2,Mild,MildG2 (222).png
C:\Users\yuely\OneDrive\Desktop\cs760\760-Group1\data\raw\Digital Knee X-ray Images\MedicalExpert-I\2Mild\MildG2 (223).png,C:\Users\yuely\OneDrive\Desktop\cs760\760-Group1\data\excluded\double_knee\2Mild\MildG2 (223).png,2,Mild,MildG2 (223).png
C:\Users\yuely\OneDrive\Desktop\cs760\760-Group1\data\raw\Digital Knee X-ray Images\MedicalExpert-I\2Mild\MildG2 (224).png,C:\Users\yuely\OneDrive\Desktop\cs760\760-Group1\data\excluded\double_knee\2Mild\MildG2 (224).png,2,Mild,MildG2 (224).png
C:\Users\yuely\OneDrive\Desktop\cs760\760-Group1\data\raw\Digital Knee X-ray Images\MedicalExpert-I\2Mild\MildG2 (225).png,C:\Users\yuely\OneDrive\Desktop\cs760\760-Group1\data\excluded\double_knee\2Mild\MildG2 (225).png,2,Mild,MildG2 (225).png
C:\Users\yuely\OneDrive\Desktop\cs760\760-Group1\data\raw\Digital Knee X-ray Images\MedicalExpert-I\2Mild\MildG2 (226).png,C:\Users\yuely\OneDrive\Desktop\cs760\760-Group1\data\excluded\double_knee\2Mild\MildG2 (226).png,2,Mild,MildG2 (226).png
C:\Users\yuely\OneDrive\Desktop\cs760\760-Group1\data\raw\Digital Knee X-ray Images\MedicalExpert-I\2Mild\MildG2 (227).png,C:\Users\yuely\OneDrive\Desktop\cs760\760-Group1\data\excluded\double_knee\2Mild\MildG2 (227).png,2,Mild,MildG2 (227).png
C:\Users\yuely\OneDrive\Desktop\cs760\760-Group1\data\raw\Digital Knee X-ray Images\MedicalExpert-I\2Mild\MildG2 (228).png,C:\Users\yuely\OneDrive\Desktop\cs760\760-Group1\data\excluded\double_knee\2Mild\MildG2 (228).png,2,Mild,MildG2 (228).png
C:\Users\yuely\OneDrive\Desktop\cs760\760-Group1\data\raw\Digital Knee X-ray Images\MedicalExpert-I\2Mild\MildG2 (229).png,C:\Users\yuely\OneDrive\Desktop\cs760\760-Group1\data\excluded\double_knee\2Mild\MildG2 (229).png,2,Mild,MildG2 (229).png
C:\Users\yuely\OneDrive\Desktop\cs760\760-Group1\data\raw\Digital Knee X-ray Images\MedicalExpert-I\2Mild\MildG2 (230).png,C:\Users\yuely\OneDrive\Desktop\cs760\760-Group1\data\excluded\double_knee\2Mild\MildG2 (230).png,2,Mild,MildG2 (230).png
C:\Users\yuely\OneDrive\Desktop\cs760\760-Group1\data\raw\Digital Knee X-ray Images\MedicalExpert-I\2Mild\MildG2 (231).png,C:\Users\yuely\OneDrive\Desktop\cs760\760-Group1\data\excluded\double_knee\2Mild\MildG2 (231).png,2,Mild,MildG2 (231).png
C:\Users\yuely\OneDrive\Desktop\cs760\760-Group1\data\raw\Digital Knee X-ray Images\MedicalExpert-I\2Mild\MildG2 (232).png,C:\Users\yuely\OneDrive\Desktop\cs760\760-Group1\data\excluded\double_knee\2Mild\MildG2 (232).png,2,Mild,MildG2 (232).png
C:\Users\yuely\OneDrive\Desktop\cs760\760-Group1\data\raw\Digital Knee X-ray Images\MedicalExpert-I\3Moderate\ModerateG3 (176).png,C:\Users\yuely\OneDrive\Desktop\cs760\760-Group1\data\excluded\double_knee\3Moderate\ModerateG3 (176).png,3,Moderate,ModerateG3 (176).png
C:\Users\yuely\OneDrive\Desktop\cs760\760-Group1\data\raw\Digital Knee X-ray Images\MedicalExpert-I\3Moderate\ModerateG3 (177).png,C:\Users\yuely\OneDrive\Desktop\cs760\760-Group1\data\excluded\double_knee\3Moderate\ModerateG3 (177).png,3,Moderate,ModerateG3 (177).png
C:\Users\yuely\OneDrive\Desktop\cs760\760-Group1\data\raw\Digital Knee X-ray Images\MedicalExpert-I\3Moderate\ModerateG3 (178).png,C:\Users\yuely\OneDrive\Desktop\cs760\760-Group1\data\excluded\double_knee\3Moderate\ModerateG3 (178).png,3,Moderate,ModerateG3 (178).png
C:\Users\yuely\OneDrive\Desktop\cs760\760-Group1\data\raw\Digital Knee X-ray Images\MedicalExpert-I\3Moderate\ModerateG3 (179).png,C:\Users\yuely\OneDrive\Desktop\cs760\760-Group1\data\excluded\double_knee\3Moderate\ModerateG3 (179).png,3,Moderate,ModerateG3 (179).png
C:\Users\yuely\OneDrive\Desktop\cs760\760-Group1\data\raw\Digital Knee X-ray Images\MedicalExpert-I\3Moderate\ModerateG3 (180).png,C:\Users\yuely\OneDrive\Desktop\cs760\760-Group1\data\excluded\double_knee\3Moderate\ModerateG3 (180).png,3,Moderate,ModerateG3 (180).png
C:\Users\yuely\OneDrive\Desktop\cs760\760-Group1\data\raw\Digital Knee X-ray Images\MedicalExpert-I\3Moderate\ModerateG3 (181).png,C:\Users\yuely\OneDrive\Desktop\cs760\760-Group1\data\excluded\double_knee\3Moderate\ModerateG3 (181).png,3,Moderate,ModerateG3 (181).png
C:\Users\yuely\OneDrive\Desktop\cs760\760-Group1\data\raw\Digital Knee X-ray Images\MedicalExpert-I\3Moderate\ModerateG3 (182).png,C:\Users\yuely\OneDrive\Desktop\cs760\760-Group1\data\excluded\double_knee\3Moderate\ModerateG3 (182).png,3,Moderate,ModerateG3 (182).png
C:\Users\yuely\OneDrive\Desktop\cs760\760-Group1\data\raw\Digital Knee X-ray Images\MedicalExpert-I\3Moderate\ModerateG3 (183).png,C:\Users\yuely\OneDrive\Desktop\cs760\760-Group1\data\excluded\double_knee\3Moderate\ModerateG3 (183).png,3,Moderate,ModerateG3 (183).png
C:\Users\yuely\OneDrive\Desktop\cs760\760-Group1\data\raw\Digital Knee X-ray Images\MedicalExpert-I\3Moderate\ModerateG3 (184).png,C:\Users\yuely\OneDrive\Desktop\cs760\760-Group1\data\excluded\double_knee\3Moderate\ModerateG3 (184).png,3,Moderate,ModerateG3 (184).png
C:\Users\yuely\OneDrive\Desktop\cs760\760-Group1\data\raw\Digital Knee X-ray Images\MedicalExpert-I\3Moderate\ModerateG3 (185).png,C:\Users\yuely\OneDrive\Desktop\cs760\760-Group1\data\excluded\double_knee\3Moderate\ModerateG3 (185).png,3,Moderate,ModerateG3 (185).png
C:\Users\yuely\OneDrive\Desktop\cs760\760-Group1\data\raw\Digital Knee X-ray Images\MedicalExpert-I\3Moderate\ModerateG3 (186).png,C:\Users\yuely\OneDrive\Desktop\cs760\760-Group1\data\excluded\double_knee\3Moderate\ModerateG3 (186).png,3,Moderate,ModerateG3 (186).png
C:\Users\yuely\OneDrive\Desktop\cs760\760-Group1\data\raw\Digital Knee X-ray Images\MedicalExpert-I\3Moderate\ModerateG3 (187).png,C:\Users\yuely\OneDrive\Desktop\cs760\760-Group1\data\excluded\double_knee\3Moderate\ModerateG3 (187).png,3,Moderate,ModerateG3 (187).png
C:\Users\yuely\OneDrive\Desktop\cs760\760-Group1\data\raw\Digital Knee X-ray Images\MedicalExpert-I\3Moderate\ModerateG3 (188).png,C:\Users\yuely\OneDrive\Desktop\cs760\760-Group1\data\excluded\double_knee\3Moderate\ModerateG3 (188).png,3,Moderate,ModerateG3 (188).png
C:\Users\yuely\OneDrive\Desktop\cs760\760-Group1\data\raw\Digital Knee X-ray Images\MedicalExpert-I\3Moderate\ModerateG3 (189).png,C:\Users\yuely\OneDrive\Desktop\cs760\760-Group1\data\excluded\double_knee\3Moderate\ModerateG3 (189).png,3,Moderate,ModerateG3 (189).png
C:\Users\yuely\OneDrive\Desktop\cs760\760-Group1\data\raw\Digital Knee X-ray Images\MedicalExpert-I\3Moderate\ModerateG3 (190).png,C:\Users\yuely\OneDrive\Desktop\cs760\760-Group1\data\excluded\double_knee\3Moderate\ModerateG3 (190).png,3,Moderate,ModerateG3 (190).png
C:\Users\yuely\OneDrive\Desktop\cs760\760-Group1\data\raw\Digital Knee X-ray Images\MedicalExpert-I\3Moderate\ModerateG3 (191).png,C:\Users\yuely\OneDrive\Desktop\cs760\760-Group1\data\excluded\double_knee\3Moderate\ModerateG3 (191).png,3,Moderate,ModerateG3 (191).png
C:\Users\yuely\OneDrive\Desktop\cs760\760-Group1\data\raw\Digital Knee X-ray Images\MedicalExpert-I\3Moderate\ModerateG3 (192).png,C:\Users\yuely\OneDrive\Desktop\cs760\760-Group1\data\excluded\double_knee\3Moderate\ModerateG3 (192).png,3,Moderate,ModerateG3 (192).png
C:\Users\yuely\OneDrive\Desktop\cs760\760-Group1\data\raw\Digital Knee X-ray Images\MedicalExpert-I\3Moderate\ModerateG3 (193).png,C:\Users\yuely\OneDrive\Desktop\cs760\760-Group1\data\excluded\double_knee\3Moderate\ModerateG3 (193).png,3,Moderate,ModerateG3 (193).png
C:\Users\yuely\OneDrive\Desktop\cs760\760-Group1\data\raw\Digital Knee X-ray Images\MedicalExpert-I\3Moderate\ModerateG3 (194).png,C:\Users\yuely\OneDrive\Desktop\cs760\760-Group1\data\excluded\double_knee\3Moderate\ModerateG3 (194).png,3,Moderate,ModerateG3 (194).png
C:\Users\yuely\OneDrive\Desktop\cs760\760-Group1\data\raw\Digital Knee X-ray Images\MedicalExpert-I\3Moderate\ModerateG3 (195).png,C:\Users\yuely\OneDrive\Desktop\cs760\760-Group1\data\excluded\double_knee\3Moderate\ModerateG3 (195).png,3,Moderate,ModerateG3 (195).png
C:\Users\yuely\OneDrive\Desktop\cs760\760-Group1\data\raw\Digital Knee X-ray Images\MedicalExpert-I\3Moderate\ModerateG3 (196).png,C:\Users\yuely\OneDrive\Desktop\cs760\760-Group1\data\excluded\double_knee\3Moderate\ModerateG3 (196).png,3,Moderate,ModerateG3 (196).png
C:\Users\yuely\OneDrive\Desktop\cs760\760-Group1\data\raw\Digital Knee X-ray Images\MedicalExpert-I\3Moderate\ModerateG3 (197).png,C:\Users\yuely\OneDrive\Desktop\cs760\760-Group1\data\excluded\double_knee\3Moderate\ModerateG3 (197).png,3,Moderate,ModerateG3 (197).png
C:\Users\yuely\OneDrive\Desktop\cs760\760-Group1\data\raw\Digital Knee X-ray Images\MedicalExpert-I\3Moderate\ModerateG3 (198).png,C:\Users\yuely\OneDrive\Desktop\cs760\760-Group1\data\excluded\double_knee\3Moderate\ModerateG3 (198).png,3,Moderate,ModerateG3 (198).png
C:\Users\yuely\OneDrive\Desktop\cs760\760-Group1\data\raw\Digital Knee X-ray Images\MedicalExpert-I\3Moderate\ModerateG3 (199).png,C:\Users\yuely\OneDrive\Desktop\cs760\760-Group1\data\excluded\double_knee\3Moderate\ModerateG3 (199).png,3,Moderate,ModerateG3 (199).png
C:\Users\yuely\OneDrive\Desktop\cs760\760-Group1\data\raw\Digital Knee X-ray Images\MedicalExpert-I\3Moderate\ModerateG3 (200).png,C:\Users\yuely\OneDrive\Desktop\cs760\760-Group1\data\excluded\double_knee\3Moderate\ModerateG3 (200).png,3,Moderate,ModerateG3 (200).png
C:\Users\yuely\OneDrive\Desktop\cs760\760-Group1\data\raw\Digital Knee X-ray Images\MedicalExpert-I\3Moderate\ModerateG3 (201).png,C:\Users\yuely\OneDrive\Desktop\cs760\760-Group1\data\excluded\double_knee\3Moderate\ModerateG3 (201).png,3,Moderate,ModerateG3 (201).png
C:\Users\yuely\OneDrive\Desktop\cs760\760-Group1\data\raw\Digital Knee X-ray Images\MedicalExpert-I\3Moderate\ModerateG3 (202).png,C:\Users\yuely\OneDrive\Desktop\cs760\760-Group1\data\excluded\double_knee\3Moderate\ModerateG3 (202).png,3,Moderate,ModerateG3 (202).png
C:\Users\yuely\OneDrive\Desktop\cs760\760-Group1\data\raw\Digital Knee X-ray Images\MedicalExpert-I\3Moderate\ModerateG3 (203).png,C:\Users\yuely\OneDrive\Desktop\cs760\760-Group1\data\excluded\double_knee\3Moderate\ModerateG3 (203).png,3,Moderate,ModerateG3 (203).png
C:\Users\yuely\OneDrive\Desktop\cs760\760-Group1\data\raw\Digital Knee X-ray Images\MedicalExpert-I\3Moderate\ModerateG3 (204).png,C:\Users\yuely\OneDrive\Desktop\cs760\760-Group1\data\excluded\double_knee\3Moderate\ModerateG3 (204).png,3,Moderate,ModerateG3 (204).png
C:\Users\yuely\OneDrive\Desktop\cs760\760-Group1\data\raw\Digital Knee X-ray Images\MedicalExpert-I\3Moderate\ModerateG3 (205).png,C:\Users\yuely\OneDrive\Desktop\cs760\760-Group1\data\excluded\double_knee\3Moderate\ModerateG3 (205).png,3,Moderate,ModerateG3 (205).png
C:\Users\yuely\OneDrive\Desktop\cs760\760-Group1\data\raw\Digital Knee X-ray Images\MedicalExpert-I\3Moderate\ModerateG3 (206).png,C:\Users\yuely\OneDrive\Desktop\cs760\760-Group1\data\excluded\double_knee\3Moderate\ModerateG3 (206).png,3,Moderate,ModerateG3 (206).png
C:\Users\yuely\OneDrive\Desktop\cs760\760-Group1\data\raw\Digital Knee X-ray Images\MedicalExpert-I\3Moderate\ModerateG3 (207).png,C:\Users\yuely\OneDrive\Desktop\cs760\760-Group1\data\excluded\double_knee\3Moderate\ModerateG3 (207).png,3,Moderate,ModerateG3 (207).png
C:\Users\yuely\OneDrive\Desktop\cs760\760-Group1\data\raw\Digital Knee X-ray Images\MedicalExpert-I\3Moderate\ModerateG3 (208).png,C:\Users\yuely\OneDrive\Desktop\cs760\760-Group1\data\excluded\double_knee\3Moderate\ModerateG3 (208).png,3,Moderate,ModerateG3 (208).png
C:\Users\yuely\OneDrive\Desktop\cs760\760-Group1\data\raw\Digital Knee X-ray Images\MedicalExpert-I\3Moderate\ModerateG3 (209).png,C:\Users\yuely\OneDrive\Desktop\cs760\760-Group1\data\excluded\double_knee\3Moderate\ModerateG3 (209).png,3,Moderate,ModerateG3 (209).png
C:\Users\yuely\OneDrive\Desktop\cs760\760-Group1\data\raw\Digital Knee X-ray Images\MedicalExpert-I\3Moderate\ModerateG3 (210).png,C:\Users\yuely\OneDrive\Desktop\cs760\760-Group1\data\excluded\double_knee\3Moderate\ModerateG3 (210).png,3,Moderate,ModerateG3 (210).png
C:\Users\yuely\OneDrive\Desktop\cs760\760-Group1\data\raw\Digital Knee X-ray Images\MedicalExpert-I\3Moderate\ModerateG3 (211).png,C:\Users\yuely\OneDrive\Desktop\cs760\760-Group1\data\excluded\double_knee\3Moderate\ModerateG3 (211).png,3,Moderate,ModerateG3 (211).png
C:\Users\yuely\OneDrive\Desktop\cs760\760-Group1\data\raw\Digital Knee X-ray Images\MedicalExpert-I\3Moderate\ModerateG3 (212).png,C:\Users\yuely\OneDrive\Desktop\cs760\760-Group1\data\excluded\double_knee\3Moderate\ModerateG3 (212).png,3,Moderate,ModerateG3 (212).png
C:\Users\yuely\OneDrive\Desktop\cs760\760-Group1\data\raw\Digital Knee X-ray Images\MedicalExpert-I\3Moderate\ModerateG3 (213).png,C:\Users\yuely\OneDrive\Desktop\cs760\760-Group1\data\excluded\double_knee\3Moderate\ModerateG3 (213).png,3,Moderate,ModerateG3 (213).png
C:\Users\yuely\OneDrive\Desktop\cs760\760-Group1\data\raw\Digital Knee X-ray Images\MedicalExpert-I\3Moderate\ModerateG3 (214).png,C:\Users\yuely\OneDrive\Desktop\cs760\760-Group1\data\excluded\double_knee\3Moderate\ModerateG3 (214).png,3,Moderate,ModerateG3 (214).png
C:\Users\yuely\OneDrive\Desktop\cs760\760-Group1\data\raw\Digital Knee X-ray Images\MedicalExpert-I\3Moderate\ModerateG3 (215).png,C:\Users\yuely\OneDrive\Desktop\cs760\760-Group1\data\excluded\double_knee\3Moderate\ModerateG3 (215).png,3,Moderate,ModerateG3 (215).png
C:\Users\yuely\OneDrive\Desktop\cs760\760-Group1\data\raw\Digital Knee X-ray Images\MedicalExpert-I\3Moderate\ModerateG3 (216).png,C:\Users\yuely\OneDrive\Desktop\cs760\760-Group1\data\excluded\double_knee\3Moderate\ModerateG3 (216).png,3,Moderate,ModerateG3 (216).png
C:\Users\yuely\OneDrive\Desktop\cs760\760-Group1\data\raw\Digital Knee X-ray Images\MedicalExpert-I\3Moderate\ModerateG3 (217).png,C:\Users\yuely\OneDrive\Desktop\cs760\760-Group1\data\excluded\double_knee\3Moderate\ModerateG3 (217).png,3,Moderate,ModerateG3 (217).png
C:\Users\yuely\OneDrive\Desktop\cs760\760-Group1\data\raw\Digital Knee X-ray Images\MedicalExpert-I\3Moderate\ModerateG3 (218).png,C:\Users\yuely\OneDrive\Desktop\cs760\760-Group1\data\excluded\double_knee\3Moderate\ModerateG3 (218).png,3,Moderate,ModerateG3 (218).png
C:\Users\yuely\OneDrive\Desktop\cs760\760-Group1\data\raw\Digital Knee X-ray Images\MedicalExpert-I\3Moderate\ModerateG3 (219).png,C:\Users\yuely\OneDrive\Desktop\cs760\760-Group1\data\excluded\double_knee\3Moderate\ModerateG3 (219).png,3,Moderate,ModerateG3 (219).png
C:\Users\yuely\OneDrive\Desktop\cs760\760-Group1\data\raw\Digital Knee X-ray Images\MedicalExpert-I\3Moderate\ModerateG3 (220).png,C:\Users\yuely\OneDrive\Desktop\cs760\760-Group1\data\excluded\double_knee\3Moderate\ModerateG3 (220).png,3,Moderate,ModerateG3 (220).png
C:\Users\yuely\OneDrive\Desktop\cs760\760-Group1\data\raw\Digital Knee X-ray Images\MedicalExpert-I\3Moderate\ModerateG3 (221).png,C:\Users\yuely\OneDrive\Desktop\cs760\760-Group1\data\excluded\double_knee\3Moderate\ModerateG3 (221).png,3,Moderate,ModerateG3 (221).png
